Date,Trips,AvgDuration,TotalDuration
2013-07-01,16650,978.5992792792792,16293678
2013-07-02,22745,958.1295669377886,21792657
2013-07-03,21864,974.3284851811196,21302718
2013-07-04,22326,1273.1084385917763,28423419
2013-07-05,21842,1082.426609284864,23642362
2013-07-06,20467,1159.5757072360384,23733036
2013-07-07,20477,1118.2994090931288,22899417
2013-07-08,21615,1289.5298635207032,27873188
2013-07-09,26641,965.9312713486731,25733375
2013-07-10,25732,931.9172625524639,23980095
2013-07-11,24417,1009.7180652823853,24654286
2013-07-12,19006,938.1076502157214,17829674
2013-07-13,26119,1116.9396607833378,29173347
2013-07-14,29287,1161.7602690613583,34024473
2013-07-15,28069,919.0969396843493,25798132
2013-07-16,29842,907.7130554252396,27087973
2013-07-17,30550,880.1669721767594,26889101
2013-07-18,28869,862.8295403373861,24909026
2013-07-19,26591,880.2631717498401,23407078
2013-07-20,25278,1076.8692934567607,27221102
2013-07-21,30297,1122.4739413143216,34007593
2013-07-22,25979,882.0113553254552,22913773
2013-07-23,32376,944.2324870274277,30570471
2013-07-24,35271,935.5321652348955,32997155
2013-07-25,31084,896.2243919701455,27858239
2013-07-26,34534,940.0754329067006,32464565
2013-07-27,32470,1134.8639051432092,36849031
2013-07-28,23508,1052.6143865917986,24744859
2013-07-29,34915,941.4870972361449,32872022
2013-07-30,37334,949.6907912358708,35455756
2013-07-31,37261,923.5528300367677,34412502
2013-08-01,20138,802.62851325851625,16163333
2013-08-02,35792,965.4297887796156,34554663
2013-08-03,29540,1109.528808395396,32775481
2013-08-04,35253,1183.197600204238,41711265
2013-08-05,36776,967.1062105721122,35566298
2013-08-06,37702,969.552304917511,36554061
2013-08-07,34396,881.2136876380974,30310226
2013-08-08,28366,859.1932242825918,24371875
2013-08-09,29017,908.2915532274184,26355896
2013-08-10,37201,1226.5943926238542,45630538
2013-08-11,33060,1165.835420447671,38542519
2013-08-12,31457,918.3048288139365,28887115
2013-08-13,22437,938.9898382136649,21068115
2013-08-14,38150,933.3079423328965,35605698
2013-08-15,37386,917.9025036109774,34316703
2013-08-16,35991,983.3429468478231,35391496
2013-08-17,37285,1206.2547673327076,44975209
2013-08-18,27612,1016.6207808199333,28070933
2013-08-19,33127,893.5369034322456,29600197
2013-08-20,35843,898.4825488937868,32204310
2013-08-21,36315,905.6935976869063,32890263
2013-08-22,26629,864.3148071651208,23015839
2013-08-23,33503,944.636898188222,31648170
2013-08-24,32941,1084.780304180201,35733748
2013-08-25,31755,1143.7922216973705,36321122
2013-08-26,29979,928.4972480736516,27835419
2013-08-27,34208,904.0684635173059,30926374
2013-08-28,28185,849.5433386553132,23944379
2013-08-29,34215,858.7881338594184,29383436
2013-08-30,32318,926.6491738350145,29947448
2013-08-31,25381,1071.5147551317914,27196116
2013-09-01,25235,1102.4934812760055,27821423
2013-09-02,21416,1011.5311449383638,21662951
2013-09-03,32411,866.267193236864,28076586
2013-09-04,36798,904.2964291537584,33276300
2013-09-05,35825,875.8939009071877,31378899
2013-09-06,35868,888.5964090554254,31872176
2013-09-07,34419,1042.5490862604956,35883497
2013-09-08,33196,1024.9176105554886,34023165
2013-09-09,35394,915.7487992315082,32412013
2013-09-10,36954,868.8886724035287,32108912
2013-09-11,35812,841.7477940355188,30144672
2013-09-12,31252,820.7186100089594,25649098
2013-09-13,36501,879.3540724911646,32097303
2013-09-14,31607,1001.4423070838739,31652587
2013-09-15,31914,1036.1202293664223,33066741
2013-09-16,31287,828.2508390066162,25913484
2013-09-17,38283,832.9801217250476,31888978
2013-09-18,37957,835.9636430697894,31730672
2013-09-19,39200,846.8673724489796,33197201
2013-09-20,39382,888.6868112335585,34998264
2013-09-21,31826,1022.7544146295481,32550182
2013-09-22,29758,990.0563209893138,29462096
2013-09-23,35152,832.2981622667273,29256945
2013-09-24,38417,827.0807715334357,31773962
2013-09-25,38223,839.665253904717,32094525
2013-09-26,38189,827.1484982586609,31587974
2013-09-27,37412,853.8114241419865,31942793
2013-09-28,34931,1021.4924851850792,35681754
2013-09-29,32592,991.411266568483,32312076
2013-09-30,37148,823.7038333153871,30598950
2013-10-01,40575,822.3746395563771,33367851
2013-10-02,41383,834.8251214266728,34547568
2013-10-03,40456,823.4785445916551,33314648
2013-10-04,40195,880.3836049259859,35387019
2013-10-05,34181,1005.5484040841403,34370650
2013-10-06,26574,881.1305411304282,23415163
2013-10-07,25016,759.1004157339303,18989656
2013-10-08,38365,826.7807376515053,31719443
2013-10-09,36969,770.473342530228,28483629
2013-10-10,31171,744.0447852170287,23192620
2013-10-11,33357,800.5540366339899,26704081
2013-10-12,32457,1012.6184182148689,32866556
2013-10-13,28832,957.0528926193118,27593749
2013-10-14,33018,834.5184444848264,27554130
2013-10-15,37534,808.8956679277455,30361090
2013-10-16,36911,800.2411476253691,29537701
2013-10-17,36888,803.2388581652569,29629875
2013-10-18,38122,832.7323854991869,31745424
2013-10-19,29548,936.8339650737782,27681570
2013-10-20,29256,954.5116899097621,27925194
2013-10-21,35012,827.4159431052211,28969487
2013-10-22,36338,754.9195057515549,27432265
2013-10-23,32365,721.3578248107524,23346746
2013-10-24,32251,726.9165297200087,23443785
2013-10-25,30979,750.675748087414,23255184
2013-10-26,24569,874.4675403964345,21484793
2013-10-27,23965,879.610181514709,21079858
2013-10-28,31498,767.0742904311385,24161306
2013-10-29,33414,754.5223858263004,25211611
2013-10-30,35069,729.6224870968662,25587131
2013-10-31,31444,775.6823241317899,24390555
2013-11-01,30384,817.989303580832,24853787
2013-11-02,31013,995.2794312062683,30866601
2013-11-03,20798,795.8316184248486,16551706
2013-11-04,27142,742.0557807088645,20140878
2013-11-05,31493,732.8466008319309,23079538
2013-11-06,34826,780.3418997300868,27176187
2013-11-07,25719,712.1901318091683,18316818
2013-11-08,28686,756.5478282088824,21702331
2013-11-09,21734,864.505153216159,18789155
2013-11-10,19712,834.8372564935065,16456312
2013-11-11,27295,759.1942113940282,20722206
2013-11-12,19925,664.9088582183186,13248309
2013-11-13,23633,667.5089916641983,15775240
2013-11-14,27040,781.6696375739646,21136347
2013-11-15,29051,763.1862242263605,22171323
2013-11-16,25194,918.7025085337779,23145791
2013-11-17,17995,808.0755765490414,14541320
2013-11-18,30615,793.1502531438837,24282295
2013-11-19,27417,688.671481197797,18881306
2013-11-20,26229,684.8091806778756,17961860
2013-11-21,28752,706.3337159154146,20308507
2013-11-22,25448,725.6630776485382,18466674
2013-11-23,18996,858.3893977679511,16305965
2013-11-24,9392,665.8606260647359,6253763
2013-11-25,19116,661.051579828416,12636662
2013-11-26,14999,782.4594306287086,11736109
2013-11-27,7976,661.5346038114343,5276400
2013-11-28,5204,834.3176402767102,4341789
2013-11-29,10127,789.263454132517,7992871
2013-11-30,9863,820.7982358308831,8095533
2013-12-01,13326,813.499249587273,10840691
2013-12-02,24576,742.9600016276041,18258985
2013-12-03,27431,730.1221610586563,20027981
2013-12-04,28199,736.1961771694032,20759996
2013-12-05,26988,743.0274195938936,20052824
2013-12-06,10736,697.3160394932936,7486385
2013-12-07,15545,733.8290768735928,11407373
2013-12-08,10090,730.3489593657087,7369221
2013-12-09,14824,643.1247976254722,9533682
2013-12-10,12850,693.2340077821011,8908057
2013-12-11,18766,717.6591175530215,13467591
2013-12-12,17214,687.6819449285465,11837757
2013-12-13,17888,723.4006037567084,12940190
2013-12-14,3701,723.3215347203459,2677013
2013-12-15,7462,913.5687483248458,6817050
2013-12-16,15562,673.3408944865698,10478531
2013-12-17,7863,733.4367289838484,5767013
2013-12-18,14924,689.1535111230233,10284927
2013-12-19,18766,674.5599488436534,12658792
2013-12-20,22066,845.0716940088824,18647352
2013-12-21,17940,868.5873467112598,15582457
2013-12-22,15063,904.2187479253801,13620247
2013-12-23,6956,713.159430707303,4960737
2013-12-24,11025,764.1620861678005,8424887
2013-12-25,3260,825.2444785276074,2690297
2013-12-26,9763,716.1042712281061,6991326
2013-12-27,11720,746.1620307167235,8745019
2013-12-28,12022,975.365662951256,11725846
2013-12-29,3775,729.4108609271523,2753526
2013-12-30,13241,740.9065780530171,9810344
2013-12-31,10424,794.3539907904835,8280346
2014-01-01,6059,922.6466413599604,5590316
2014-01-02,8600,778.8196511627907,6697849
2014-01-03,1144,803.3321678321678,919012
2014-01-04,2292,1223.8948516579408,2805167
2014-01-05,2678,824.2382374906647,2207310
2014-01-06,9510,768.3044164037855,7306575
2014-01-07,6267,726.1013243976385,4550477
2014-01-08,9246,614.0076789963227,5677115
2014-01-09,13354,651.8938145873896,8705390
2014-01-10,9847,671.6457804407434,6613696
2014-01-11,7695,742.1734892787524,5711025
2014-01-12,12515,724.1840990811027,9063164
2014-01-13,20633,706.7718703048514,14582824
2014-01-14,9999,666.962096209621,6668954
2014-01-15,21630,702.2943596856218,15190627
2014-01-16,19953,683.30416478725,13633968
2014-01-17,20301,732.6838579380326,14874215
2014-01-18,9438,845.0459843187116,7975544
2014-01-19,9028,816.3493575542756,7370002
2014-01-20,13407,786.1986275826062,10540565
2014-01-21,3804,857.7970557308097,3263060
2014-01-22,2451,994.6030191758466,2437772
2014-01-23,5071,924.119305856833,4686209
2014-01-24,6176,782.0608808290156,4830008
2014-01-25,4338,688.0140617796219,2984605
2014-01-26,4980,717.7291164658634,3574291
2014-01-27,13119,632.1067154508728,8292608
2014-01-28,10033,853.1194059603309,8559347
2014-01-29,10021,670.2678375411635,6716754
2014-01-30,12158,671.5171903273565,8164306
2014-01-31,14653,702.3487340476353,10291516
2014-02-01,12771,820.2773471145564,10475762
2014-02-02,13816,824.2935002895194,11388439
2014-02-03,2600,797.5426923076923,2073611
2014-02-04,8709,752.5397864278333,6553869
2014-02-05,2746,925.340859431901,2540986
2014-02-06,7196,1040.8160088938298,7489712
2014-02-07,8495,1048.9463213655092,8910799
2014-02-08,5986,1042.6622118275977,6241376
2014-02-09,4996,1027.3250600480385,5132516
2014-02-10,6846,864.233859187847,5916545
2014-02-11,8343,987.0831835071317,8235235
2014-02-12,8580,844.8851981351982,7249115
2014-02-13,876,4866.6050228310505,4263146
2014-02-14,3609,1734.371016902189,6259345
2014-02-15,2261,1101.0283060592658,2489425
2014-02-16,3003,1280.8078588078588,3846266
2014-02-17,4854,967.1005356407087,4694306
2014-02-18,5140,877.7618677042801,4511696
2014-02-19,8506,849.4802492358335,7225679
2014-02-20,11792,814.3861940298508,9603242
2014-02-21,8680,705.2773041474654,6121807
2014-02-22,13044,988.2821987120515,12891153
2014-02-23,13324,934.8919993995797,12456501
2014-02-24,12922,755.2346386008358,9759142
2014-02-25,12830,686.0753702260328,8802347
2014-02-26,11188,664.3567214873078,7432823
2014-02-27,12036,630.758308408109,7591807
2014-02-28,9587,665.4254719933243,6379434
2014-03-01,9202,712.4779395783526,6556222
2014-03-02,8195,672.9690054911531,5514981
2014-03-03,7708,687.4178775298391,5298617
2014-03-04,10398,619.9810540488555,6446563
2014-03-05,13801,631.1399898558076,8710363
2014-03-06,12773,611.6727472011273,7812896
2014-03-07,13304,662.7902134696332,8817761
2014-03-08,16350,951.9765749235474,15564817
2014-03-09,12262,762.3204208122655,9347573
2014-03-10,17231,673.3975973536069,11603314
2014-03-11,24356,776.8970684841518,18922105
2014-03-12,15101,658.2951460168201,9940915
2014-03-13,10979,639.1429091902723,7017150
2014-03-14,16299,655.1580465059207,10678421
2014-03-15,18053,886.6868664487897,16007358
2014-03-16,9851,736.7917977870267,7258136
2014-03-17,12503,637.2728145245142,7967822
2014-03-18,16679,680.753102703999,11354281
2014-03-19,13341,651.8494865452365,8696324
2014-03-20,19695,718.0021325209444,14141052
2014-03-21,20718,733.223477169611,15190924
2014-03-22,19880,963.4683601609657,19153751
2014-03-23,11740,736.8683134582624,8650834
2014-03-24,13598,629.1935578761583,8555774
2014-03-25,16037,625.49547920434,10031071
2014-03-26,14500,611.8888965517241,8872389
2014-03-27,16666,684.811892475699,11413075
2014-03-28,18425,734.6648575305292,13536200
2014-03-29,4480,663.9939732142857,2974693
2014-03-30,7907,765.2701403819401,6050991
2014-03-31,17085,709.7847234416155,12126672
2014-04-01,23908,771.203321064079,18437929
2014-04-02,22515,720.1275149900067,16213671
2014-04-03,26321,773.5001329736712,20359297
2014-04-04,12566,641.0732930128919,8055727
2014-04-05,18655,897.1064057893326,16735520
2014-04-06,20750,995.6835180722892,20660433
2014-04-07,14677,679.4299243714655,9971993
2014-04-08,21884,728.9930085907513,15953283
2014-04-09,26931,770.8603839441536,20760041
2014-04-10,27463,763.7241015184065,20974155
2014-04-11,26798,828.6100828420032,22205093
2014-04-12,27108,1058.1992400767301,28685665
2014-04-13,26871,1102.718655799933,29631153
2014-04-14,28832,890.3089275804662,25669387
2014-04-15,10523,633.2862301625012,6664071
2014-04-16,20082,713.3972213922916,14326443
2014-04-17,22282,746.0352751099542,16623158
2014-04-18,20770,745.8550312951372,15491409
2014-04-19,24369,1106.2218802577045,26957521
2014-04-20,18464,1002.8280437608319,18516217
2014-04-21,27124,833.7109202182569,22613575
2014-04-22,27259,762.3582303092556,20781123
2014-04-23,26949,744.538387324205,20064565
2014-04-24,28107,780.923435443128,21949415
2014-04-25,27919,811.7509581288729,22663275
2014-04-26,19899,969.6149052716216,19294367
2014-04-27,21926,949.1983033841102,20812122
2014-04-28,28557,806.564380011906,23033059
2014-04-29,18404,660.5199956531189,12156210
2014-04-30,2867,569.7237530519707,1633398
2014-05-01,26762,858.5590389358046,22976757
2014-05-02,32377,840.6085801649319,27216384
2014-05-03,25501,1085.3514764126896,27677548
2014-05-04,21277,926.1758236593505,19706243
2014-05-05,30288,863.80764659271,26163006
2014-05-06,32233,857.9608475785685,27654652
2014-05-07,32882,797.3240678790828,26217610
2014-05-08,17619,733.3344684715364,12920620
2014-05-09,22641,737.2321452232675,16691673
2014-05-10,21832,921.8898864052767,20126700
2014-05-11,28326,1126.3809927275295,31905868
2014-05-12,31644,863.3991277967388,27321402
2014-05-13,32847,805.366273936737,26453866
2014-05-14,30044,776.8651977100253,23340138
2014-05-15,26057,778.682925893234,20290141
2014-05-16,17784,699.3701641925326,12437599
2014-05-17,29912,1062.0774939823482,31768862
2014-05-18,27436,1023.4077124945327,28078214
2014-05-19,31692,804.7151331566325,25503032
2014-05-20,35567,843.2164647004246,29990680
2014-05-21,34420,803.2863742010459,27649117
2014-05-22,24535,732.739514978602,17977764
2014-05-23,24484,774.2673991177912,18957163
2014-05-24,16798,957.4346350756042,16082987
2014-05-25,25637,1203.1796622069664,30845917
2014-05-26,26930,1171.6910880059413,31553641
2014-05-27,32936,865.2045785766335,28496378
2014-05-28,29690,748.4029976423038,22220085
2014-05-29,33889,799.4835787423648,27093699
2014-05-30,34343,848.5097982121539,29140372
2014-05-31,27734,999.838898103411,27729532
2014-06-01,31333,1080.9304886222194,33868795
2014-06-02,34519,881.1060285639793,30414899
2014-06-03,29501,802.1736551303345,23664925
2014-06-04,36068,830.5813186203837,29957407
2014-06-05,24619,813.0295300377757,20015974
2014-06-06,37719,871.5268697473422,32873122
2014-06-07,31204,1072.1080951160109,33454061
2014-06-08,30162,1084.0663417545256,32697609
2014-06-09,18611,775.9747461178873,14441666
2014-06-10,33435,800.9343801405713,26779241
2014-06-11,30548,805.0886473746235,24593848
2014-06-12,29084,755.0069797826984,21958623
2014-06-13,18308,761.0915993008521,13934065
2014-06-14,28417,1005.3796319104762,28569873
2014-06-15,28382,1039.0537664717074,29490424
2014-06-16,34932,856.1025993358525,29905376
2014-06-17,35097,845.7826025016383,29684432
2014-06-18,35531,813.555120880358,28906427
2014-06-19,31724,819.6771844660194,26003439
2014-06-20,34405,1002.2596715593664,34482744
2014-06-21,30288,1033.8099577390385,31312036
2014-06-22,29417,994.9653941598395,29268897
2014-06-23,32580,836.9184468999387,27266803
2014-06-24,35897,824.2048917736859,29586483
2014-06-25,34340,788.1668316831683,27065649
2014-06-26,34846,814.1293979222867,28369153
2014-06-27,35823,881.1950143762388,31567049
2014-06-28,28507,1014.2848423194304,28914218
2014-06-29,27986,1038.3310941184877,29058734
2014-06-30,33597,827.9268982349614,27815860
2014-07-01,34854,793.8080851552189,27667387
2014-07-02,26582,756.5521405462343,20110669
2014-07-03,27587,797.2466379091601,21993643
2014-07-04,13612,929.1644872171613,12647787
2014-07-05,22913,1096.4898092785754,25123871
2014-07-06,23822,1213.1834858534128,28900457
2014-07-07,31863,841.549759909613,26814300
2014-07-08,32713,798.6781401889157,26127158
2014-07-09,34426,799.8414570382851,27535342
2014-07-10,36288,822.6404320987655,29851976
2014-07-11,35000,841.8396,29464386
2014-07-12,28718,1002.2766209346055,28783380
2014-07-13,24869,915.5503236961679,22768821
2014-07-14,25825,757.0854211035818,19551731
2014-07-15,22963,733.1228498018552,16834700
2014-07-16,35391,813.2447514904919,28781545
2014-07-17,38619,823.1461715735778,31789082
2014-07-18,36105,867.4354798504362,31318758
2014-07-19,29291,997.0939537741968,29205879
2014-07-20,30296,1023.4054660681278,31005092
2014-07-21,35670,820.6869077656294,29273902
2014-07-22,36886,817.6666485929621,30160452
2014-07-23,34173,786.5684019547596,26879402
2014-07-24,36693,824.5480609380536,30255142
2014-07-25,36384,849.4666062005277,30906993
2014-07-26,27179,987.0830420545274,26827930
2014-07-27,27004,971.8539475633239,26243944
2014-07-28,33189,807.2946759468499,26793303
2014-07-29,37092,814.1087566051979,30196922
2014-07-30,37377,813.410947909142,30402861
2014-07-31,35458,819.8076879688646,29068741
2014-08-01,32654,811.6194340662706,26502621
2014-08-02,26784,992.6016651732377,26585843
2014-08-03,25276,990.3333992720367,25031667
2014-08-04,33822,839.1346165217906,28381211
2014-08-05,34392,824.8526401488718,28368332
2014-08-06,36336,818.2442206076619,29731722
2014-08-07,36362,831.1490842087894,30222243
2014-08-08,34073,847.2032401021337,28866756
2014-08-09,31636,1106.26220128967,34997711
2014-08-10,26749,1032.8851919697934,27628646
2014-08-11,33664,826.4478077471483,27821539
2014-08-12,26261,721.6691291268421,18951753
2014-08-13,27977,793.3111484433642,22194466
2014-08-14,35154,861.8813790749275,30298578
2014-08-15,32480,833.0749692118227,27058275
2014-08-16,32017,1122.6350064028484,35943405
2014-08-17,27417,1005.0377138271875,27555119
2014-08-18,34339,845.6777133871109,29039727
2014-08-19,35367,835.5394294115983,29550523
2014-08-20,35532,842.9141055949567,29950424
2014-08-21,33804,830.5896343627973,28077252
2014-08-22,30406,814.5058869959877,24765866
2014-08-23,26429,978.6308222028832,25864234
2014-08-24,27493,1057.7021059906158,29079404
2014-08-25,32892,827.44031983461025,27216167
2014-08-26,34519,811.3022393464469,28005342
2014-08-27,33721,820.5530085110169,27669868
2014-08-28,33927,829.1949479765378,28132097
2014-08-29,31264,853.868059109519,26695331
2014-08-30,22689,1034.0094759575124,23460641
2014-08-31,18053,1022.8007533373955,18464622
2014-09-01,23575,1172.7379851537646,27647298
2014-09-02,30507,813.5350247484184,24818513
2014-09-03,35535,818.7790628957366,29095314
2014-09-04,36496,844.9502685225779,30837305
2014-09-05,34831,856.1169360627027,29819409
2014-09-06,25833,946.2894359927225,24445495
2014-09-07,29721,1049.2819555196663,31185709
2014-09-08,34335,858.192631425659,29466044
2014-09-09,34518,817.0252042412654,28202076
2014-09-10,37653,850.758691206544,32033617
2014-09-11,37081,802.65178932607,29763131
2014-09-12,37204,945.1548758198043,35163542
2014-09-13,17293,912.4335858439831,15778714
2014-09-14,28688,1046.693216675962,30027535
2014-09-15,35045,879.7256384648309,30829985
2014-09-16,25633,781.4879257207506,20031880
2014-09-17,37453,824.5438816650202,30881642
2014-09-18,37381,906.547203124582,33887641
2014-09-19,34713,825.5558148244173,28657519
2014-09-20,30011,1009.8826763520043,30307589
2014-09-21,26080,978.4560966257669,25518135
2014-09-22,33239,809.3899635969794,26903313
2014-09-23,36347,859.1023468236718,31225793
2014-09-24,35481,849.3827964262563,30136951
2014-09-25,16650,738.5941141141141,12297592
2014-09-26,35116,894.9208907620458,31426042
2014-09-27,30193,1085.0839267379856,32761939
2014-09-28,29021,1097.765273422694,31858246
2014-09-29,33161,904.4667229576913,29993021
2014-09-30,35093,911.5451799504175,31988855
2014-10-01,27942,740.5543983966788,20692571
2014-10-02,34492,848.0304418415865,29250266
2014-10-03,34944,916.8934294871796,32039924
2014-10-04,13354,847.9482552044332,11323501
2014-10-05,23456,944.3008611869031,22149521
2014-10-06,31742,823.5734043223489,26141867
2014-10-07,32892,810.6200899914872,26662916
2014-10-08,33607,1001.0368970750142,33641847
2014-10-09,32203,820.6827935285532,26428448
2014-10-10,30887,889.2083724544307,27464979
2014-10-11,12965,857.8152718858465,11121575
2014-10-12,23394,1055.5250064119004,24692952
2014-10-13,22752,806.6090893108299,18351970
2014-10-14,32614,1124.835438768627,36685383
2014-10-15,28743,810.6620394530843,23300859
2014-10-16,26754,815.603872318158,21820666
2014-10-17,34132,915.1082854799016,31234476
2014-10-18,24978,1071.1030506846025,26754012
2014-10-19,18840,872.8633757961784,16444746
2014-10-20,27914,1031.027978792004,28780115
2014-10-21,31330,794.6116820938398,24895184
2014-10-22,9169,710.2812738575635,6512569
2014-10-23,13371,733.998952957894,9814300
2014-10-24,29837,812.3267754801086,24237394
2014-10-25,24952,993.4248957999358,24787938
2014-10-26,20768,932.8876637134052,19374211
2014-10-27,28806,843.0001735749497,24283463
2014-10-28,32956,779.6646437674475,25694628
2014-10-29,29999,764.9622987432914,22948104
2014-10-30,31133,792.5201233417916,24673529
2014-10-31,27785,1084.2266690660429,30125238
2014-11-01,6002,671.5249916694435,4030493
2014-11-02,14100,967.4418439716312,13640930
2014-11-03,26757,824.7868221400007,22068821
2014-11-04,31174,798.4171745685508,24889857
2014-11-05,30539,871.6630865450735,26619719
2014-11-06,12283,723.9098754375967,8891785
2014-11-07,25355,739.3571287714454,18746400
2014-11-08,17443,871.2436507481511,15197103
2014-11-09,18207,910.2065689020707,16572131
2014-11-10,27655,776.7120954619418,21479973
2014-11-11,29358,769.3852442264459,22587612
2014-11-12,27807,772.7007947639083,21486491
2014-11-13,20652,840.2212376525276,17352249
2014-11-14,21082,756.4164215918794,15946771
2014-11-15,14057,779.3130824500249,10954804
2014-11-16,13272,782.782926461724,10389095
2014-11-17,8116,742.2819122720553,6024360
2014-11-18,16691,665.9819064166318,11115904
2014-11-19,16694,780.3800766742543,13027665
2014-11-20,20611,720.787395080297,14856149
2014-11-21,17806,648.6739862967539,11550289
2014-11-22,12682,816.3926825421858,10353492
2014-11-23,15669,859.0742229880656,13460834
2014-11-24,23031,763.6628457296687,17587919
2014-11-25,25580,848.692689601251,21709559
2014-11-26,3675,765.3050340136055,2812496
2014-11-27,3945,711.3746514575412,2806373
2014-11-28,8378,712.0346144664597,5965426
2014-11-29,8183,718.4250274960284,5878872
2014-11-30,12384,885.5130813953489,10966194
2014-12-01,18519,773.1314865813489,14317622
2014-12-02,15367,686.0393700787401,10542367
2014-12-03,13472,854.0492874109264,11505752
2014-12-04,21335,712.8149050855402,15207906
2014-12-05,15818,731.1469212289796,11565282
2014-12-06,4047,781.3760810476897,3162229
2014-12-07,10510,716.5743101807802,7531196
2014-12-08,15557,672.7650575303721,10466206
2014-12-09,6713,683.9188142410248,4591147
2014-12-10,10399,677.5652466583325,7046001
2014-12-11,18141,717.7262003197178,13020271
2014-12-12,17892,683.2563156718086,12224822
2014-12-13,12549,1015.9384811538768,12749012
2014-12-14,11941,809.0164140356754,9660465
2014-12-15,19382,719.6015891032918,13947318
2014-12-16,16816,712.3113106565175,11978227
2014-12-17,20346,701.391133392313,14270504
2014-12-18,19051,674.6682063933652,12853104
2014-12-19,17200,682.0196511627908,11730738
2014-12-20,9582,673.2859528282196,6451426
2014-12-21,8747,745.8025608780154,6523535
2014-12-22,13560,732.139970501475,9927818
2014-12-23,9422,701.7286138824029,6611687
2014-12-24,4285,700.6583430571762,3002321
2014-12-25,4890,1137.3918200408998,5561846
2014-12-26,9895,852.1576553815058,8432100
2014-12-27,10247,968.3485898311701,9922668
2014-12-28,7902,782.6745127815743,6184694
2014-12-29,13549,796.8274411395674,10796215
2014-12-30,12196,690.0537881272548,8415896
2014-12-31,9739,760.7006879556423,7408464
2015-01-01,5317,801.8066578897875,4263206
2015-01-02,11304,731.2409766454352,8265948
2015-01-03,4478,655.2842786958464,2934363
2015-01-04,7849,679.5542107274812,5333821
2015-01-05,14506,637.8118020129601,9252098
2015-01-06,8739,634.9224167524889,5548587
2015-01-07,9646,589.210968277006,5683529
2015-01-08,8779,595.8609181000114,5231063
2015-01-09,7930,636.6578814627995,5048697
2015-01-10,6109,596.0256997871992,3641121
2015-01-11,7467,623.0724521226731,4652482
2015-01-12,8645,623.6876807403123,5391780
2015-01-13,12797,618.487614284598,7914786
2015-01-14,13086,623.0284273269143,8152950
2015-01-15,14075,633.4006394316164,8915114
2015-01-16,13843,625.3708011269233,8657008
2015-01-17,7491,657.2456280870377,4923427
2015-01-18,1795,723.4740947075209,1298636
2015-01-19,10710,691.7267040149393,7408393
2015-01-20,16129,647.8671957343914,10449450
2015-01-21,15234,626.8491532099251,9549420
2015-01-22,15864,640.5434947049924,10161582
2015-01-23,15737,639.5605261485671,10064764
2015-01-24,4814,630.3034898213543,3034281
2015-01-25,9379,721.2704979208871,6764796
2015-01-26,4141,665.1142236174837,2754238
2015-01-27,1214,956.2710049423393,1160913
2015-01-28,5401,850.4571375671172,4593319
2015-01-29,8870,751.9078917700112,6669423
2015-01-30,9015,651.4740987243483,5873039
2015-01-31,5188,626.7819969159599,3251745
2015-02-01,6441,638.1492004347151,4110319
2015-02-02,1459,920.8622344071282,1343538
2015-02-03,4754,767.224442574674,3647385
2015-02-04,8973,697.5565585645826,6259175
2015-02-05,9208,623.3967202432667,5740237
2015-02-06,8575,637.1169679300292,5463278
2015-02-07,6790,686.4608247422681,4661069
2015-02-08,6662,666.9377063944761,4443139
2015-02-09,5160,633.9317829457365,3271088
2015-02-10,10328,638.254647560031,6591894
2015-02-11,11439,649.0203689133665,7424144
2015-02-12,11269,647.8381400301713,7300488
2015-02-13,7642,623.0509029049987,4761355
2015-02-14,4614,625.8467706978761,2887657
2015-02-15,2581,569.8585819449826,1470805
2015-02-16,3998,595.8106553276639,2382051
2015-02-17,4784,649.25,3106012
2015-02-18,9170,647.9724100327154,5941907
2015-02-19,7799,595.5349403769715,4644577
2015-02-20,6159,602.8048384478,3712675
2015-02-21,3157,590.9299968324359,1865566
2015-02-22,4274,717.0456247075339,3064653
2015-02-23,7458,631.9479753285063,4713068
2015-02-24,7402,644.8715212104837,4773339
2015-02-25,10751,651.4522370012091,7003763
2015-02-26,9901,675.5079284920715,6688204
2015-02-27,9864,659.8214720194647,6508479
2015-02-28,6318,649.4412788857234,4103170
2015-03-01,2879,740.4637026745397,2131795
2015-03-02,7283,677.5293148427845,4934446
2015-03-03,6533,762.0384203275677,4978397
2015-03-04,7514,700.4226776683524,5262976
2015-03-05,1637,925.8546120952963,1515624
2015-03-06,5162,736.6666020922123,3802673
2015-03-07,5590,887.6742397137746,4962099
2015-03-08,7898,821.542795644467,6488545
2015-03-09,14878,758.6225299099341,11286786
2015-03-10,11781,723.4008997538409,8522386
2015-03-11,19561,803.8450488216349,15724013
2015-03-12,17530,729.1390758699373,12781808
2015-03-13,16145,723.6237225147104,11682905
2015-03-14,3906,728.8492063492064,2846885
2015-03-15,8838,725.7988232631817,6414610
2015-03-16,16787,713.4356942872461,11976445
2015-03-17,14857,706.7130645486976,10499636
2015-03-18,13842,680.003323219188,9412606
2015-03-19,15446,769.2943804221158,11882521
2015-03-20,8052,665.689393939394,5360131
2015-03-21,9338,815.9306061255087,7619160
2015-03-22,9676,748.5712071103762,7243175
2015-03-23,13538,649.366671591077,8791126
2015-03-24,16166,679.5765186193245,10986034
2015-03-25,14670,700.8597818677573,10281613
2015-03-26,14954,710.599037046944,10626298
2015-03-27,14107,694.6461331253987,9799373
2015-03-28,1107,760.4697380307136,841840
2015-03-29,9826,850.9773051088948,8361703
2015-03-30,18075,726.8038174273859,13136979
2015-03-31,14250,761.6802105263158,10853943
2015-04-01,20146,792.9338330189615,15974445
2015-04-02,24227,1246.030503157634,30187581
2015-04-03,14774,821.9384053066198,12143318
2015-04-04,14355,901.8744688261929,12946408
2015-04-05,13799,1086.3827088919486,14990995
2015-04-06,23391,905.6003163609936,21182897
2015-04-07,16262,700.4281761160988,11390363
2015-04-08,17872,830.9214413607879,14850228
2015-04-09,16546,707.6982352230146,11709575
2015-04-10,16317,738.7840902126617,12054740
2015-04-11,18643,986.277101324894,18387164
2015-04-12,19954,1146.0461060439009,22868204
2015-04-13,24925,909.5039518555667,22669386
2015-04-14,22703,757.5688675505439,17199086
2015-04-15,27594,974.1883018047401,26881752
2015-04-16,27180,808.0645695364238,21963195
2015-04-17,24175,905.2276732161323,21883879
2015-04-18,28174,1330.0003904308937,37471431
2015-04-19,21475,1087.7660069848662,23359775
2015-04-20,11202,719.0628459203714,8054942
2015-04-21,24868,978.2928663342449,24328187
2015-04-22,21997,774.2789016684093,17031813
2015-04-23,22074,863.7258312947358,19065884
2015-04-24,20981,880.8116391020448,18480309
2015-04-25,21082,1103.006877905322,23253591
2015-04-26,21594,1139.9887931832916,24616918
2015-04-27,25501,787.2567742441473,20075835
2015-04-28,29795,887.1855680483303,26433694
2015-04-29,31532,884.6729671444881,27895508
2015-04-30,29252,933.1407766990291,27296234
2015-05-01,27924,861.5340209139092,24057476
2015-05-02,25743,1160.8724313405587,29884339
2015-05-03,27694,1227.6171733949593,33997630
2015-05-04,32066,999.1151999002058,32037628
2015-05-05,33012,1016.8396946564885,33567912
2015-05-06,30313,872.8717711872794,26459362
2015-05-07,34871,922.081701127011,32153911
2015-05-08,34304,976.6498076026119,33502995
2015-05-09,24329,1178.1113896995355,28662272
2015-05-10,26573,1220.7902382117186,32440059
2015-05-11,32382,988.722438391699,32016810
2015-05-12,35225,909.686160397445,32043695
2015-05-13,33402,927.2919286270284,30973405
2015-05-14,40826,1014.6958065938372,41425971
2015-05-15,34945,959.9899270281871,33546848
2015-05-16,23882,1126.1696256594926,26895183
2015-05-17,30969,1193.4049533404373,36958558
2015-05-18,31559,972.4663962736462,30690067
2015-05-19,33895,842.35182180262575,28551515
2015-05-20,33823,832.4495461668096,28155941
2015-05-21,31214,826.1445184852951,25787275
2015-05-22,31891,926.0085917657019,29531340
2015-05-23,23910,1224.7517356754497,29283814
2015-05-24,25151,1304.1405113116775,32800438
2015-05-25,28164,1204.3090470103677,33918160
2015-05-26,35786,912.2328005365226,32645163
2015-05-27,33710,822.7817858202313,27735974
2015-05-28,35934,838.9007903378416,30145061
2015-05-29,37756,935.9319048628033,35337045
2015-05-30,31147,1136.5257328153593,35399367
2015-05-31,19586,1103.1178903298273,21605667
2015-06-01,15283,656.2428188182948,10029359
2015-06-02,11984,674.0006675567423,8077224
2015-06-03,34590,828.2322058398381,28648552
2015-06-04,32772,803.479342121323,26331625
2015-06-05,31294,809.6545024605356,25337328
2015-06-06,26334,1085.6555023923445,28589652
2015-06-07,30773,1161.2737139700387,35735876
2015-06-08,33585,869.4555605180884,29200665
2015-06-09,35412,824.9336100756806,29212549
2015-06-10,39350,949.8847776365947,37377966
2015-06-11,37400,861.171229946524,32207804
2015-06-12,35136,875.8617941712204,30774280
2015-06-13,29980,1165.5388258839225,34942854
2015-06-14,28184,1130.0950184501844,31850598
2015-06-15,25087,780.0665284808865,19569529
2015-06-16,32147,802.8929915699754,25810601
2015-06-17,38030,866.7823823297397,32963734
2015-06-18,35464,787.7339837581773,27936198
2015-06-19,37380,880.400454788657,32909369
2015-06-20,23580,1003.682951653944,23666844
2015-06-21,25926,1083.5725140785312,28092701
2015-06-22,37677,906.9772805690475,34172183
2015-06-23,32294,821.3552053012944,26524845
2015-06-24,41070,909.326734842951,37346049
2015-06-25,39673,855.3499357245482,33934298
2015-06-26,38614,931.4924638732066,35968650
2015-06-27,15485,953.8661930900872,14770618
2015-06-28,20591,1048.0357923364577,21580105
2015-06-29,38037,915.6225517259511,34827535
2015-06-30,38087,867.4806626933074,33039736
2015-07-01,37539,877.6502037880604,32946111
2015-07-02,35559,1060.9467926544617,37726207
2015-07-03,26928,1107.0759061200238,29811340
2015-07-04,21706,1353.825393900304,29386134
2015-07-05,25920,1197.9756944444443,31051530
2015-07-06,35251,903.1219823551105,31835953
2015-07-07,36837,866.3142764068735,31912419
2015-07-08,35047,871.8742545724313,30556577
2015-07-09,31978,916.1274313590594,29295923
2015-07-10,38559,956.8364843486605,36894658
2015-07-11,31719,1129.0507582206249,35812361
2015-07-12,31037,1208.9796372072044,37523101
2015-07-13,38485,937.740782122905,36088954
2015-07-14,35802,842.3688062119435,30158488
2015-07-15,34979,862.1024900654678,30155483
2015-07-16,42356,1018.1604967419019,43125206
2015-07-17,39595,963.3562065917414,38144089
2015-07-18,28870,1104.95507447177,31900053
2015-07-19,28531,1153.1603168483405,32900817
2015-07-20,34889,900.1009487230932,31403622
2015-07-21,38499,867.7472661627575,33407402
2015-07-22,42557,940.4939257936414,40024600
2015-07-23,42175,889.8531357439241,37529556
2015-07-24,40330,905.8827919662782,36534253
2015-07-25,31639,1211.8472454881633,38341635
2015-07-26,30543,1102.9558327603706,33687580
2015-07-27,38747,931.4562417735567,36091135
2015-07-28,40434,841.4165306425285,34021836
2015-07-29,39428,824.1444404991377,32494367
2015-07-30,31166,806.6353718796124,25139598
2015-07-31,38571,898.9968370018926,34675207
2015-08-01,35179,1197.9933198783365,42144207
2015-08-02,31622,1149.2120991714628,36340385
2015-08-03,38888,892.0680415552356,34690742
2015-08-04,40783,854.7490130691709,34859229
2015-08-05,41075,860.9781862446744,35364679
2015-08-06,42283,860.9820731736158,36404905
2015-08-07,40999,936.3885948437767,38390996
2015-08-08,38723,1269.6982155308215,49166524
2015-08-09,32716,1455.1043220442598,47605193
2015-08-10,39870,1252.9847253574117,49956501
2015-08-11,25066,1270.2382111226364,31839791
2015-08-12,42994,1096.5084895566824,47143286
2015-08-13,42170,1074.9092957078492,45328925
2015-08-14,39983,964.1594177525449,38549986
2015-08-15,37821,1285.823775151371,48631141
2015-08-16,30344,1171.7119364619034,35554427
2015-08-17,37449,848.5387860824054,31776929
2015-08-18,39916,846.6762701673514,33795930
2015-08-19,40726,903.248858223248,36785713
2015-08-20,39280,852.471766802444,33485091
2015-08-21,38038,863.6981702508018,32853351
2015-08-22,34277,1198.229045715786,41071697
2015-08-23,33071,1093.0885972604397,36149533
2015-08-24,38943,870.7226202398377,33908551
2015-08-25,41655,977.6273196495018,40723066
2015-08-26,42832,858.1844882330968,36757758
2015-08-27,43173,863.6876056794756,37287985
2015-08-28,41755,919.7808645671178,38405450
2015-08-29,34381,1266.6529187632705,43548794
2015-08-30,32913,1126.619025916811,37080412
2015-08-31,40119,848.7484982178021,34050941
2015-09-01,43291,852.9317641080132,36924269
2015-09-02,43225,925.9023713128976,40022130
2015-09-03,42879,835.1993050211059,35812511
2015-09-04,39956,951.9984482931225,38038050
2015-09-05,34005,1222.129657403323,41558519
2015-09-06,33199,1248.6065242929003,41452488
2015-09-07,33682,1196.5387150406746,40301817
2015-09-08,42766,944.187134639667,40379107
2015-09-09,44005,818.5538234291557,36020461
2015-09-10,22253,752.5503976991866,16746504
2015-09-11,47613,930.6410644151807,44310613
2015-09-12,33661,1156.6621015418436,38934403
2015-09-13,34794,1206.3046502270506,41972164
2015-09-14,44668,995.2089191367422,44453992
2015-09-15,48729,1026.061421330214,49998947
2015-09-16,51179,975.7296352019383,49936867
2015-09-17,50705,1033.4022088551426,52398659
2015-09-18,50285,1070.5072486825097,53830457
2015-09-19,43011,1385.409011648183,59587827
2015-09-20,40462,1334.932702288567,54014047
2015-09-21,47180,996.1725519287834,46999421
2015-09-22,48685,978.6409982540823,47645137
2015-09-23,48366,1063.414299301162,51433096
2015-09-24,52706,1079.5071718589913,56896505
2015-09-25,51368,1114.5495444634792,57252181
2015-09-26,42560,1280.77304981203,54509701
2015-09-27,38285,1250.4680423142222,47874169
2015-09-28,48011,1067.5783049717772,51255502
2015-09-29,48725,1032.0795690097486,50288077
2015-09-30,39445,872.9205729496767,34432352
2015-10-01,34719,1106.9530516431926,38432303
2015-10-02,9444,1121.728081321474,10593600
2015-10-03,16564,1209.5088746679546,20034305
2015-10-04,30214,1252.571258357053,37845188
2015-10-05,44581,1112.231668199457,49584400
2015-10-06,49719,1052.9310726281703,52350680
2015-10-07,50141,985.3283739853613,49405350
2015-10-08,50179,1081.5042746965862,54268803
2015-10-09,37283,1317.8840758522651,49134672
2015-10-10,39345,1414.7943321896048,55665083
2015-10-11,38967,1526.027356481125,59464708
2015-10-12,45584,1113.7628553878553,50769766
2015-10-13,49047,1018.8883927661223,49973419
2015-10-14,49998,948.4278971158847,47419498
2015-10-15,48783,1028.4660025008711,50171657
2015-10-16,46484,1053.7190000860512,48981074
2015-10-17,31809,1230.6915338426231,39147067
2015-10-18,23978,1005.4142547335057,24107823
2015-10-19,36570,975.1275909215203,35660416
2015-10-20,45376,1003.7430800423132,45545846
2015-10-21,49121,992.1271553917876,48734278
2015-10-22,49604,1038.7780420933796,51527546
2015-10-23,44679,1050.3663018420286,46929316
2015-10-24,31713,1157.0539526377195,36693652
2015-10-25,29289,1169.0664754686059,34240788
2015-10-26,42165,912.3488912605242,38469191
2015-10-27,44553,891.5802751778781,39722576
2015-10-28,20736,865.9493152006173,17956325
2015-10-29,45358,986.8879139291856,44763262
2015-10-30,44518,956.1802416999865,42567232
2015-10-31,31756,1229.4674707141958,39042969
2015-11-01,30622,1211.770067271896,37106823
2015-11-02,44534,998.263596353348,44456671
2015-11-03,49326,1080.9482220330049,53318852
2015-11-04,49487,1016.4768929213733,50302392
2015-11-05,43006,917.2762637771474,39448383
2015-11-06,47162,1025.841821805691,48380752
2015-11-07,35586,1279.1286741977183,45519073
2015-11-08,32317,1187.309558436736,38370283
2015-11-09,42262,950.2496805641001,40159452
2015-11-10,21585,781.1253648366921,16860591
2015-11-11,37705,896.2686646333377,33793810
2015-11-12,37319,800.6309654599534,29878747
2015-11-13,38970,872.3662047729023,33996111
2015-11-14,25299,1033.9367168662793,26157565
2015-11-15,25990,1088.2191612158522,28282816
2015-11-16,40916,915.6291181933718,37463881
2015-11-17,38939,862.1132283828553,33569827
2015-11-18,41485,839.1447993250572,34811922
2015-11-19,21890,878.6962083142988,19234660
2015-11-20,38205,978.8239235702133,37395968
2015-11-21,28038,1012.0601326770811,28376142
2015-11-22,23343,1003.2856102471833,23419696
2015-11-23,30136,796.5444650915848,24004664
2015-11-24,32218,798.029734930784,25710922
2015-11-25,30295,905.7331242779337,27439185
2015-11-26,13291,1424.9706568354525,18939285
2015-11-27,22824,1111.6204433929197,25371625
2015-11-28,15830,1079.7233101705622,17092020
2015-11-29,18452,958.1174398439193,17679183
2015-11-30,30213,763.8854466620329,23079271
2015-12-01,18399,772.8362954508398,14219415
2015-12-02,23782,810.4280548313851,19273600
2015-12-03,33917,789.0729722558009,26762988
2015-12-04,34737,873.225379278579,30333230
2015-12-05,26358,1273.5946961074437,33569409
2015-12-06,24943,1180.821873872429,29453240
2015-12-07,34139,846.4228594862182,28896030
2015-12-08,35614,821.521031055203,29257650
2015-12-09,35306,872.0777488245624,30789577
2015-12-10,39099,883.634977876672,34549244
2015-12-11,39060,952.7642089093702,37214970
2015-12-12,31957,1200.2819726507494,38357411
2015-12-13,32001,1179.4224555482642,37742698
2015-12-14,32518,811.5874900055354,26391202
2015-12-15,38661,825.0140710276506,31895869
2015-12-16,35643,797.1977386864181,28414519
2015-12-17,21961,862.7360775920951,18946547
2015-12-18,30704,882.2227397081813,27087767
2015-12-19,17778,897.2923838452019,15952064
2015-12-20,17030,970.295067527892,16524125
2015-12-21,29800,775.4513422818792,23108450
2015-12-22,22941,808.292881740116,18543047
2015-12-23,14817,802.6682189377067,11893135
2015-12-24,18447,1130.5438282647585,20855142
2015-12-25,12333,2094.8167518041028,25835375
2015-12-26,13914,1392.6844185712232,19377811
2015-12-27,13177,1267.446990969113,16701149
2015-12-28,18889,889.0960876700725,16794136
2015-12-29,13347,726.7427886416423,9699836
2015-12-30,22477,955.3031098456199,21472348
2015-12-31,20376,1008.9503337259521,20558372
2016-01-01,11009,1213.1380688527568,13355437
2016-01-02,14587,1027.1729622266403,14983372
2016-01-03,15499,944.5974579005098,14640316
2016-01-04,19593,771.5624968100852,15117224
2016-01-05,18053,682.2750789342491,12317112
2016-01-06,24569,835.5083234970898,20527604
2016-01-07,27773,773.854174918086,21492252
2016-01-08,28709,842.5964331742659,24190101
2016-01-09,20846,890.3881799865682,18561032
2016-01-10,14275,911.0108581436077,13004680
2016-01-11,22937,716.1495836421502,16426323
2016-01-12,25211,732.1922176827575,18459298
2016-01-13,21133,796.9891638669379,16842772
2016-01-14,23780,781.1737174095879,18576311
2016-01-15,28435,869.2584490944258,24717364
2016-01-16,19178,1015.08249035353,19467252
2016-01-17,12024,981.100881570193,11796757
2016-01-18,12718,748.3658594118572,9517717
2016-01-19,17281,670.0007522712806,11578283
2016-01-20,23420,753.2608027327071,17641368
2016-01-21,23672,822.2985383575532,19465451
2016-01-22,20950,891.6265393794749,18679576
2016-01-27,6761,1079.428339003106,7298015
2016-01-28,11946,1008.9159551314248,12052510
2016-01-29,16028,843.5729972548041,13520788
2016-01-30,12973,917.209974562553,11898965
2016-01-31,16118,962.1516317160938,15507960
2016-02-01,24334,795.0407660064108,19346522
2016-02-02,28528,862.2542063937185,24598388
2016-02-03,16203,699.7807813367895,11338548
2016-02-04,27766,943.999927969459,26211102
2016-02-05,13670,835.3442574981711,11419156
2016-02-06,16933,982.304553239237,16633363
2016-02-07,17605,953.4158477705197,16784886
2016-02-08,19026,768.4023441606223,14619623
2016-02-09,22741,786.4022250560662,17883573
2016-02-10,22420,808.7097680642283,18131273
2016-02-11,18748,811.3870812886709,15211885
2016-02-12,16449,915.8022980120372,15064032
2016-02-13,6625,834.2425660377359,5526857
2016-02-14,4653,946.5826348592306,4404449
2016-02-15,5884,712.394629503739,4191730
2016-02-16,14542,744.8725072204649,10831936
2016-02-17,23572,771.630069574071,18188864
2016-02-18,22261,858.8966353712772,19119898
2016-02-19,21959,792.3605355435129,17399445
2016-02-20,24484,1227.6980477046234,30058959
2016-02-21,20052,1178.2368342309994,23626005
2016-02-22,28233,843.0448057237984,23801684
2016-02-23,16133,772.6867910494018,12465756
2016-02-24,9761,715.4063108288085,6983081
2016-02-25,25102,744.7249223169468,18694085
2016-02-26,22573,778.3455898639968,17569595
2016-02-27,17226,1016.9483919656334,17517953
2016-02-28,25437,1257.4260722569486,31985147
2016-02-29,27954,798.8825570580238,22331963
2016-03-01,30509,907.4826772427808,27686389
2016-03-02,26195,811.9212445123115,21268277
2016-03-03,24061,797.1343252566394,19179849
2016-03-04,17369,759.697737348149,13195190
2016-03-05,18023,1004.8697775065194,18110768
2016-03-06,18832,980.7445305862362,18469381
2016-03-07,31492,971.8428172234218,30605274
2016-03-08,36521,901.9314367076477,32939438
2016-03-09,41490,1099.716172571704,45627224
2016-03-10,42252,1059.1619331629272,44751710
2016-03-11,38195,1096.5244665532136,41881752
2016-03-12,32771,1359.3903146074272,44548580
2016-03-13,27550,1346.7665335753177,37103418
2016-03-14,10930,734.5025617566331,8028113
2016-03-15,31596,929.4935118369414,29368277
2016-03-16,36067,985.5060858956941,35544248
2016-03-17,35390,972.765442215315,34426169
2016-03-18,34647,927.601495078939,32138609
2016-03-19,24048,1101.8343313373252,26496912
2016-03-20,16678,1142.6558340328577,19057214
2016-03-21,26414,816.5107518740062,21567315
2016-03-22,33497,933.9870436158462,31285764
2016-03-23,40983,1032.5625503257447,42317511
2016-03-24,36495,902.1141252226332,32922655
2016-03-25,34097,1155.1110948177259,39385823
2016-03-26,27478,1527.1500837033263,41963030
2016-03-27,22483,1285.862651781346,28910050
2016-03-28,20345,879.5177684934873,17893789
2016-03-29,31481,862.408786252025,27149491
2016-03-30,33684,970.724052962831,32697869
2016-03-31,38348,1084.9594763742568,41606026
2016-04-01,34449,1062.2395715405382,36593091
2016-04-02,21839,1119.679151975823,24452673
2016-04-03,15322,1108.5210807988512,16984760
2016-04-04,12302,674.1970411315233,8293972
2016-04-05,26238,904.6122036740605,23735215
2016-04-06,29365,916.8704580282649,26923901
2016-04-07,30402,831.4216498914545,25276881
2016-04-08,30817,984.3284875231203,30334051
2016-04-09,12702,1239.4009604786647,15742871
2016-04-10,23229,1225.9552283783203,28477714
2016-04-11,32048,886.330878681977,28405132
2016-04-12,23765,839.0671996633705,19940432
2016-04-13,37539,905.2514185247343,33982233
2016-04-14,38505,999.0852356836774,38469777
2016-04-15,39676,916.0601623147495,36345603
2016-04-16,36148,1267.5405001659842,45819054
2016-04-17,38843,1476.958937260253,57369516
2016-04-18,43994,1032.654021002864,45430581
2016-04-19,46075,914.7833966359196,42148645
2016-04-20,44547,1023.387545738209,45588845
2016-04-21,45570,959.3121790651745,43715856
2016-04-22,48815,1197.990453753969,58479904
2016-04-23,33647,1438.9963146788718,48417909
2016-04-24,37866,1422.2313421010933,53854212
2016-04-25,42308,1063.7738725536542,45006145
2016-04-26,34643,978.370551049274,33893691
2016-04-27,41931,1033.2404426319429,43324805
2016-04-28,37428,931.010366570482,34845856
2016-04-29,34878,1112.5447560066518,38803336
2016-04-30,38258,1511.3166657953893,57819953
2016-05-01,10697,873.2810133682341,9341487
2016-05-02,38537,1042.5363416975893,40176223
2016-05-03,22858,967.7829643888355,22121583
2016-05-04,31619,820.2539928523988,25935611
2016-05-05,39903,957.132421121219,38192455
2016-05-06,18860,896.5336691410392,16908625
2016-05-07,31078,1246.289433039449,38732183
2016-05-08,31197,1261.3091002339968,39349060
2016-05-09,45724,1040.8253652348876,47590699
2016-05-10,44849,922.8623603647796,41389454
2016-05-11,51181,997.380219221977,51046917
2016-05-12,52273,1016.4914774357699,53135059
2016-05-13,32391,973.4972677595629,31532550
2016-05-14,42063,1382.8879062358842,58168414
2016-05-15,28661,1241.113359617599,35571550
2016-05-16,42787,1039.637296375067,44482961
2016-05-17,43396,939.0215688081851,40749780
2016-05-18,44803,967.8540053121443,43362763
2016-05-19,49182,968.9890203733073,47656818
2016-05-20,52543,1103.9208838475154,58003315
2016-05-21,30519,1182.2579376781678,36081330
2016-05-22,37802,1185.4608221787207,44812790
2016-05-23,48578,951.9215488492733,46242445
2016-05-24,34796,874.049488446948,30413426
2016-05-25,53439,987.3093620763862,52760825
2016-05-26,52133,956.8139949743925,49881584
2016-05-27,46937,1046.6184033917805,49125128
2016-05-28,34222,1317.6710595523348,45093339
2016-05-29,36877,1467.0883477506304,54101817
2016-05-30,32619,1175.5774548575982,38346161
2016-05-31,49756,917.1835557520701,45635385
2016-06-01,54665,1096.1975487057532,59923639
2016-06-02,54401,966.814139445966,52595656
2016-06-03,38975,939.90791533034,36632911
2016-06-04,40977,1298.4539863826049,53206749
2016-06-05,22397,1043.0324597044248,23360798
2016-06-06,52149,965.488312335807,50349250
2016-06-07,51812,903.0233729637922,46787447
2016-06-08,42250,813.1414911242604,34355228
2016-06-09,52905,945.3141480011342,50011845
2016-06-10,53299,961.988892849772,51273046
2016-06-11,41030,1110.2621740190104,45554057
2016-06-12,40637,1183.7169574525678,48102706
2016-06-13,49069,904.0388432615297,44360282
2016-06-14,54813,929.0900333862405,50926212
2016-06-15,55049,938.147977256626,51644108
2016-06-16,46198,859.7290142430408,39717761
2016-06-17,54236,1015.2929050814957,55065426
2016-06-18,48901,1251.8025807243205,61214398
2016-06-19,45270,1273.4872542522642,57650768
2016-06-20,52247,951.4889658736387,49712444
2016-06-21,53564,855.9570793816742,45848485
2016-06-22,55749,944.7829736856266,52670706
2016-06-23,53206,875.9905649738752,46607954
2016-06-24,54186,955.8564389325655,51794037
2016-06-25,43000,1228.2583720930234,52815110
2016-06-26,42992,1193.6514933010792,51317465
2016-06-27,47023,897.301299364141,42193799
2016-06-28,49593,882.3127860786805,43756538
2016-06-29,54882,890.5610582704712,48875772
2016-06-30,54843,857.6642415622778,47036880
2016-07-01,39669,1022.1545035165999,40547847
2016-07-02,35837,1241.3189720121661,44485148
2016-07-03,35348,1387.6402908226773,49050309
2016-07-04,34860,1240.0961847389558,43229753
2016-07-05,43744,890.5266779444038,38955199
2016-07-06,51353,890.693046170623,45739760
2016-07-07,48742,846.4357022690904,41256969
2016-07-08,44419,990.1202863639434,43980153
2016-07-09,38142,1055.0278171045043,40240871
2016-07-10,41991,1257.9172679859971,52821204
2016-07-11,52870,900.6935502175146,47619668
2016-07-12,56537,962.4618037745194,54414703
2016-07-13,55486,1000.6055581588149,55519600
2016-07-14,50350,938.0435749751738,47230494
2016-07-15,48572,906.1173103845837,44011930
2016-07-16,38406,1087.5952194969536,41770182
2016-07-17,41347,1228.1407840955812,50779937
2016-07-18,43687,926.5922814567263,40480037
2016-07-19,54593,924.4185884637225,50466784
2016-07-20,57225,916.2491743119266,52432359
2016-07-21,54842,925.7142336165713,50768020
2016-07-22,49191,943.4192636864467,46407737
2016-07-23,37523,1085.5996588758894,40734956
2016-07-24,39637,1268.6188409819108,50284245
2016-07-25,35379,863.8019446564347,30560449
2016-07-26,52912,926.3447800120955,49014755
2016-07-27,54163,954.2085002677104,51682795
2016-07-28,50151,895.8126856892186,44925902
2016-07-29,37703,934.3105323183831,35226310
2016-07-30,27780,1052.486861051116,29238085
2016-07-31,27651,965.112328668041,26686321
2016-08-01,49401,924.8633226048056,45689173
2016-08-02,56764,899.1823338735819,51041186
2016-08-03,57003,915.7532410574881,52200682
2016-08-04,56604,980.6790686170589,55510358
2016-08-05,53297,968.221926187215,51603324
2016-08-06,44213,1189.008165019338,52569618
2016-08-07,43631,1143.1973367559763,49878843
2016-08-08,52262,938.8595537866901,49066678
2016-08-09,56112,890.6751675220987,49977565
2016-08-10,50114,890.6418565670272,44633626
2016-08-11,47430,853.0422939068101,40459796
2016-08-12,44750,991.199217877095,44356165
2016-08-13,38912,1109.2505139802631,43163156
2016-08-14,32961,1043.7233093656139,34402164
2016-08-15,49063,865.2238346615576,42450477
2016-08-16,50426,887.4109586324515,44748585
2016-08-17,53989,928.8352071718313,50146884
2016-08-18,53218,933.161054530422,49660965
2016-08-19,51669,964.9949486152238,49860324
2016-08-20,45817,1268.846978195866,58134762
2016-08-21,35051,1220.6398961513223,42784649
2016-08-22,54404,908.7014741563121,49436995
2016-08-23,58674,965.4291849882401,56645592
2016-08-24,58154,959.0631942772638,55773361
2016-08-25,53487,964.7434329837157,51601232
2016-08-26,52037,975.6772488806042,50771317
2016-08-27,45674,1199.7817357796557,54798831
2016-08-28,44639,1175.1436412106007,52457237
2016-08-29,53288,948.4631812040235,50541706
2016-08-30,57405,919.2289347617804,52768337
2016-08-31,57214,870.7875694760023,49821240
2016-09-01,38187,800.1005054075995,30553438
2016-09-02,53007,978.5524930669534,51870132
2016-09-03,41630,1147.3184482344464,47762867
2016-09-04,46023,1260.089324902766,57993091
2016-09-05,45436,1161.7740998327317,52786368
2016-09-06,52447,876.0565332621503,45946537
2016-09-07,60500,939.5469586776859,56842591
2016-09-08,61596,872.2523378141437,53727255
2016-09-09,56813,884.5849189446078,50255923
2016-09-10,48455,1041.4774533071923,50464790
2016-09-11,52245,1153.6085175614892,60270277
2016-09-12,61103,960.7907467718443,58707197
2016-09-13,64839,907.4509014636253,58838209
2016-09-14,59203,864.214938432174,51164117
2016-09-15,67331,904.2815642126212,60886182
2016-09-16,65275,924.2933895059365,60333251
2016-09-17,59200,1155.2759797297297,68392338
2016-09-18,51686,1039.3603877258831,53720381
2016-09-19,34217,814.1623169769413,27858192
2016-09-20,64891,897.7177728806768,58253804
2016-09-21,65463,893.3461344576326,58481118
2016-09-22,67810,883.5981418669813,59916790
2016-09-23,65517,926.278034708549,60686958
2016-09-24,53259,1074.3432471507163,57218447
2016-09-25,53568,1080.649417562724,57888228
2016-09-26,61386,859.1215586615841,52738036
2016-09-27,61346,848.6103576435302,52058851
2016-09-28,59464,815.2269944840576,48476658
2016-09-29,55578,776.7524380150419,43170347
2016-09-30,21381,690.8132921752958,14770279
2016-10-01,39811,937.2476200045214,37312765
2016-10-02,41023,1289.7102357214246,52907783
2016-10-03,56384,873.4097971055619,49246338
2016-10-04,60379,1067.665430033621,64464571
2016-10-05,65053,858.8155811415307,55868530
2016-10-06,67585,975.9302507952948,65958246
2016-10-07,65896,958.3524644894986,63151594
2016-10-08,34625,1062.5015740072201,36789117
2016-10-09,21689,865.5559039144267,18773042
2016-10-10,52255,904.2018371447708,47249067
2016-10-11,58768,837.9679247209366,49245699
2016-10-12,57690,839.0966892009013,48407488
2016-10-13,61217,815.572357351716,49926893
2016-10-14,60566,950.7213287983357,57581388
2016-10-15,51992,1070.2014156024004,55641912
2016-10-16,48870,1015.6267034990792,49633677
2016-10-17,62657,894.5457331184066,56049552
2016-10-18,68240,953.2749267291911,65051481
2016-10-19,69772,927.5478558734162,64716869
2016-10-20,63674,851.7900870056852,54236882
2016-10-21,40873,820.3059476916302,33528365
2016-10-22,25303,947.5056317432716,23974735
2016-10-23,41463,999.4440826761208,41439950
2016-10-24,55261,859.2978230578527,47485657
2016-10-25,52681,807.2375998936998,42526084
2016-10-26,52484,798.5667250971725,41911976
2016-10-27,21058,660.1427011112166,13901285
2016-10-28,46242,812.6707106094027,37579519
2016-10-29,42514,985.4266124100296,41894427
2016-10-30,37765,1247.5551171719846,47113919
2016-10-31,50082,860.4170759953676,43091408
2016-11-01,55967,852.0535315453749,47686880
2016-11-02,62144,864.7542803810505,53739290
2016-11-03,59641,815.2261028487114,48620900
2016-11-04,57877,868.1425436701971,50245486
2016-11-05,48689,1137.0648401076219,55362550
2016-11-06,39413,1028.0500596249967,40518537
2016-11-07,49890,821.8284425736621,41001021
2016-11-08,56603,896.8464745684857,50764201
2016-11-09,38060,816.3159222280609,31068984
2016-11-10,50871,953.1984824359655,48490160
2016-11-11,45832,858.1456624192704,39330532
2016-11-12,34667,991.4618513283526,34371008
2016-11-13,36810,1018.8294485194241,37503112
2016-11-14,48834,923.7076012614162,45108337
2016-11-15,22896,717.058001397624,16417760
2016-11-16,53342,838.4572194518391,44724985
2016-11-17,53895,807.568958159384,43523929
2016-11-18,53390,916.3631391646376,48924628
2016-11-19,41213,1181.6270594229977,48698396
2016-11-20,20617,734.1640878886355,15136261
2016-11-21,32972,682.7324093169963,22511053
2016-11-22,36749,740.6272551634058,27217311
2016-11-23,34466,791.3831602158649,27275812
2016-11-24,12122,942.302342847715,11422589
2016-11-25,20980,878.3607244995234,18428008
2016-11-26,23811,911.4652051572803,21702898
2016-11-27,24077,838.782946380363,20195377
2016-11-28,42091,780.8874106103442,32868332
2016-11-29,14588,748.1661639703866,10914248
2016-11-30,24435,731.3413955391856,17870327
2016-12-01,43242,772.289047685121,33395323
2016-12-02,42371,743.053668782894,31483927
2016-12-03,29854,880.6132511556241,26289828
2016-12-04,27455,893.3094882535057,24525812
2016-12-05,35932,791.4348491595235,28437837
2016-12-06,33332,787.3045721828873,26242436
2016-12-07,38021,713.453801846348,27126227
2016-12-08,39626,821.8001312269722,32564652
2016-12-09,33547,746.8617462068144,25054971
2016-12-10,22379,755.1830734170428,16900242
2016-12-11,17799,840.9879206697005,14968744
2016-12-12,29037,688.7905086613631,20000410
2016-12-13,39025,761.1812427930814,29705098
2016-12-14,37808,732.2210378755819,27683813
2016-12-15,25015,650.4176294223466,16270197
2016-12-16,24490,718.9673744385464,17607511
2016-12-17,6993,711.7586157586157,4977328
2016-12-18,16295,716.9354403191163,11682463
2016-12-19,25649,660.1145073882022,16931277
2016-12-20,27685,688.61051110709775,19064182
2016-12-21,30625,705.6717387755102,21611197
2016-12-22,30889,705.8055618504969,21801628
2016-12-23,26344,808.4637488612208,21298169
2016-12-24,8014,809.9749188919391,6491139
2016-12-25,9924,1355.449919387344,13451485
2016-12-26,10775,797.8451044083527,8596781
2016-12-27,25955,890.6496628780582,23116812
2016-12-28,23601,850.9997034023982,20084444
2016-12-29,13207,667.5543272507003,8816390
2016-12-30,21375,901.2858011695906,19264984
2016-12-31,15928,927.988573581115,14781002
2017-01-01,16009,1149.8730089324754,18408317
2017-01-02,8921,715.1007734558906,6379414
2017-01-03,14198,1000.4727426398084,14204712
2017-01-04,34039,796.4334146126502,27109797
2017-01-05,28393,662.9258620082414,18822454
2017-01-06,24177,761.2843611697067,18405572
2017-01-07,4425,791.0196610169492,3500262
2017-01-08,6417,642.5293750973975,4123111
2017-01-09,15856,676.0073789101917,10718773
2017-01-10,23232,685.1822486225896,15918154
2017-01-11,32419,914.2443937197323,29638889
2017-01-12,39783,759.8521479023703,30229198
2017-01-13,33611,778.6013507482669,26169570
2017-01-14,13819,735.5013387365221,10163893
2017-01-15,17384,802.4188334100322,13949249
2017-01-16,24110,747.9674408958938,18033495
2017-01-17,18646,691.1133218920949,12886499
2017-01-18,30857,704.8648280779078,21750014
2017-01-19,36561,822.9071961926643,30086310
2017-01-20,26752,710.9072966507177,19018192
2017-01-21,26610,965.5633596392333,25693641
2017-01-22,20523,830.2900160795206,17040042
2017-01-23,15822,648.7095183921123,10263882
2017-01-24,13171,648.6829397919672,8543803
2017-01-25,36931,723.189732203298,26708120
2017-01-26,33002,763.9687897703169,25212498
2017-01-27,32394,714.6503673519787,23150384
2017-01-28,21302,855.5670359590649,18225289
2017-01-29,22527,904.5209748302037,20376144
2017-01-30,29616,805.3364735278228,23850845
2017-01-31,25169,663.5123763359688,16699943
2017-02-01,35221,715.0256665057778,25183919
2017-02-02,34517,697.0139061911522,24058829
2017-02-03,29632,666.566718412527,19751705
2017-02-04,19204,762.6196625702978,14645348
2017-02-05,20059,751.1796201206441,15067912
2017-02-06,33415,739.5001047433788,24710396
2017-02-07,23053,651.4081030668459,15016911
2017-02-08,40428,859.6591718610864,34754301
2017-02-10,1997,1006.2353530295443,2009452
2017-02-11,8959,959.8485322022547,8599283
2017-02-12,5801,789.7155662816756,4581140
2017-02-13,23857,652.8809992874209,15575782
2017-02-14,29668,693.5468181205339,20576147
2017-02-15,32052,724.0219955073006,23206353
2017-02-16,29120,655.0067307692308,19073796
2017-02-17,28735,707.9719157821472,20343573
2017-02-18,30571,1191.8108665074744,36434850
2017-02-19,36963,1184.2242512783052,43772481
2017-02-20,32292,904.2078533382881,29198680
2017-02-21,32643,723.145145973103,23605627
2017-02-22,38119,746.9579474802592,28473290
2017-02-23,42434,879.7843003252109,37332767
2017-02-24,47031,946.6715570581106,44522910
2017-02-25,33343,1032.605314458807,34430159
2017-02-26,24714,833.501618515821,20599159
2017-02-27,35984,718.7025066696309,25861791
2017-02-28,41835,767.8386757499701,32122531
2017-03-01,40592,888.2476103665747,36055747
2017-03-02,35739,711.8546965499874,25440975
2017-03-03,31105,666.5493007555056,20733016
2017-03-04,15646,785.6287229962929,12291947
2017-03-05,15919,699.724228908851,11138910
2017-03-06,32467,741.2314657960391,24065562
2017-03-07,29683,729.4077754943908,21651011
2017-03-08,43469,764.738388276703,33242413
2017-03-09,45252,822.3721824449748,37213986
2017-03-10,18412,726.8805670215077,13383325
2017-03-11,15185,677.5664800790254,10288847
2017-03-12,13442,812.8549323017409,10926396
2017-03-13,27417,777.384651858336,21313555
2017-03-17,7098,1366.1786418709496,9697136
2017-03-18,4106,1257.2515830491964,5162275
2017-03-19,10550,1087.821895734597,11476521
2017-03-20,27378,901.7774125210022,24688862
2017-03-21,36824,800.0452693895286,29460867
2017-03-22,26927,677.9003602332232,18253823
2017-03-23,29885,735.096034800067,21968345
2017-03-24,34018,725.8448174495855,24691789
2017-03-25,29646,994.2619914996964,29475891
2017-03-26,19893,810.0933996883326,16115188
2017-03-27,26301,751.5168244553439,19765644
2017-03-28,21589,660.7056371300199,14263974
2017-03-29,42430,837.879024275277,35551207
2017-03-30,39746,795.9201932269914,31634644
2017-03-31,6946,654.9915059026778,4549571
2017-04-01,23849,1116.2296951654157,26620962
2017-04-02,39780,1410.827802916038,56122730
2017-04-03,43485,1087.1670461078531,47275459
2017-04-04,29991,1012.7885699043046,30374542
2017-04-05,47636,1177.9136577378454,56111095
2017-04-06,18020,964.2223085460599,17375286
2017-04-07,35779,735.0864473573885,26300658
2017-04-08,35936,1155.8936999109528,41538196
2017-04-09,43896,1397.9847138691453,61365937
2017-04-10,50424,1261.0986038394415,63589636
2017-04-11,57310,1404.573477578084,80496106
2017-04-12,51188,875.6017425959209,44820302
2017-04-13,52915,930.9846924312577,49263055
2017-04-14,52232,1150.5274927247665,60094352
2017-04-15,42531,1168.1029837060028,49680588
2017-04-16,48140,1850.0864561695055,89063162
2017-04-17,53247,918.7931714462786,48922980
2017-04-18,53809,881.8571242728912,47451850
2017-04-19,45787,759.5705768012755,34778458
2017-04-20,44264,1182.6688731248871,52349655
2017-04-21,39868,790.1601535065716,31502105
2017-04-22,34596,1019.1749046132501,35259375
2017-04-23,49107,1241.7962204980959,60980887
2017-04-24,48692,841.8697116569457,40992320
2017-04-25,20332,695.6055479047807,14143052
2017-04-26,37727,762.6635300978079,28773007
2017-04-27,52035,899.3978091669069,46800165
2017-04-28,62199,1004.5686104278203,62483163
2017-04-29,57701,1345.3082962167034,77625634
2017-04-30,42928,1076.083465337309,46194111
2017-05-01,56218,941.6192144864634,52935949
2017-05-02,61207,1078.7284787687684,66025734
2017-05-03,59252,1054.4647944373185,62479148
2017-05-04,57429,1010.1218548120288,58010288
2017-05-05,24009,775.7148152776042,18624137
2017-05-06,46618,1070.5154875799049,49905291
2017-05-07,34293,922.4086256670457,31632159
2017-05-08,51553,843.4657536903769,43483190
2017-05-09,56461,835.3623917394308,47165396
2017-05-10,58454,929.4589762890478,54330595
2017-05-11,57208,833.1236715144735,47661339
2017-05-12,56675,897.9562240846934,50891669
2017-05-13,5704,1168.1383239831698,6663061
2017-05-14,38729,1054.031862428671,40821600
2017-05-15,54715,853.2017728228091,46682935
2017-05-16,64504,926.3994015874985,59756467
2017-05-17,65794,1028.3283886068639,67657838
2017-05-18,63753,915.2373535363041,58349127
2017-05-19,62143,949.6213893761164,59012322
2017-05-20,47859,1088.7046323575503,52104315
2017-05-21,54874,1274.7596858257098,69951163
2017-05-22,24627,745.4093474641653,18357196
2017-05-23,60032,954.3739672174839,57292978
2017-05-24,60622,998.6511167562932,60540228
2017-05-25,17495,697.8344098313804,12208613
2017-05-26,53768,1058.022392501116,56887748
2017-05-27,46534,1205.0772553401814,56077065
2017-05-28,46727,1496.8614719541165,69943846
2017-05-29,26322,913.8351189119368,24053968
2017-05-30,50194,875.8531298561581,43962572
2017-05-31,59495,913.3271871585847,54338401
2017-06-01,67403,947.3964066881296,63857360
2017-06-02,66907,976.3251827163077,65322989
2017-06-03,56264,1164.1978529788141,65502428
2017-06-04,40138,1062.4060242164533,42642853
2017-06-05,55883,938.38619973874,52439836
2017-06-06,41268,742.7543132693612,30651985
2017-06-07,64453,953.0109071726685,61424412
2017-06-08,62653,935.4243372224794,58607141
2017-06-09,66506,1169.2183863110097,77760038
2017-06-10,57087,1284.4674619440505,73326394
2017-06-11,51427,1224.4104069846578,62967754
2017-06-12,57871,941.6590001900779,54494748
2017-06-13,60921,912.8342279345381,55610774
2017-06-14,60513,1045.4099780212516,63260894
2017-06-15,64763,1104.848370211386,71553295
2017-06-16,56403,995.6834210946226,56159532
2017-06-17,34900,1108.6381661891116,38691472
2017-06-18,49472,1363.3549684670118,67447897
2017-06-19,38310,967.8992952231794,37080222
2017-06-20,64673,1043.6947876238926,67498873
2017-06-21,67218,1046.922565384272,70372041
2017-06-22,66308,1050.8054231766907,69676806
2017-06-23,55323,984.0731160638433,54441877
2017-06-24,52153,1242.3482254136866,64792187
2017-06-25,54655,1392.222120574513,76091900
2017-06-26,62669,1207.8602020137548,75695391
2017-06-27,64767,988.3123658653327,64010027
2017-06-28,67752,1182.7369819341127,80132796
2017-06-29,64272,1044.875280059746,67156224
2017-06-30,58662,1176.739081517848,69029868
2017-07-01,36737,1385.0346789340447,50882019
2017-07-02,43036,1614.0617622455618,69462762
2017-07-03,48193,1284.855352437076,61921034
2017-07-04,49924,1521.6358464866598,75966148
2017-07-05,60321,1080.3762537093219,65169376
2017-07-06,62147,1061.6286385505334,65977035
2017-07-07,44068,948.1910456567124,41784883
2017-07-08,55015,1216.6830682541124,66935819
2017-07-09,57118,1223.8522882453867,69903995
2017-07-10,60907,993.9967655606088,60541361
2017-07-11,61671,951.1588104619675,58658915
2017-07-12,61786,929.3002621953193,57417746
2017-07-13,56475,1039.9435325365207,58730811
2017-07-14,31851,991.0845185394493,31567033
2017-07-15,56499,1139.7302784120072,64393621
2017-07-16,56833,1289.3715095103198,73278851
2017-07-17,62555,998.2142914235473,62443295
2017-07-18,66234,999.3681643868707,66192151
2017-07-19,63915,973.0653054838457,62193469
2017-07-20,59663,911.2062082027387,54365296
2017-07-21,60072,945.8045844986018,56816373
2017-07-22,48011,1138.160629855658,54644230
2017-07-23,46942,1048.8173277661795,49233583
2017-07-24,43792,901.3304713189624,39471064
2017-07-25,65336,892.9675370393045,58342927
2017-07-26,70323,964.514397849921,67827546
2017-07-27,65769,878.4452857729325,57774468
2017-07-28,63899,915.9988732218031,58531412
2017-07-29,52947,1041.8244093149754,55161477
2017-07-30,59342,1141.7818408547066,67755618
2017-07-31,64218,881.9869351272229,56639437
2017-08-01,66677,1059.9808629662402,70676344
2017-08-02,56184,1201.576569841948,67509378
2017-08-03,66149,1149.4729323194606,76036485
2017-08-04,56394,1112.187324892719,62720692
2017-08-05,58971,1465.1946041274525,86403991
2017-08-06,56476,1352.795399815851,76400473
2017-08-07,23395,737.2236802735628,17247348
2017-08-08,65233,1087.3802983152698,70933079
2017-08-09,67884,1309.9430499086677,88924174
2017-08-10,66249,981.7987743211219,65043187
2017-08-11,63140,1168.7401488755147,73794253
2017-08-12,60540,1387.956871489924,84026909
2017-08-13,57518,1305.149483639904,75069588
2017-08-14,61482,1398.1203929605413,85959238
2017-08-15,52461,933.7963820743028,48987892
2017-08-16,68436,1074.969387456894,73566605
2017-08-17,66656,1055.5081463034085,70355951
2017-08-18,36620,1027.1970234844348,37615955
2017-08-19,62442,1452.0474360206272,90668746
2017-08-20,55442,1218.6779697702104,67565944
2017-08-21,61059,1104.6954912461717,67451602
2017-08-22,60541,1181.3873903635551,71522374
2017-08-23,65070,1215.4688489319194,79090558
2017-08-24,66307,1199.8969339587072,79561566
2017-08-25,64217,1019.2136194465639,65450841
2017-08-26,50109,1148.2014009459378,57535224
2017-08-27,54598,1356.2002454302356,74045821
2017-08-28,60886,1009.4330223696744,61460339
2017-08-29,35152,892.7841090122895,31383147
2017-08-30,65329,980.6018460408088,64061738
2017-08-31,64881,928.3662089055347,60233328
2017-09-01,54881,1013.7292323390609,55634474
2017-09-02,37812,1284.2087961493705,48558503
2017-09-03,30955,1206.0174769827167,37332271
2017-09-04,55285,1364.500823008049,75436428
2017-09-05,65445,1040.676537550615,68107076
2017-09-06,42295,832.9664972218939,35230318
2017-09-07,69519,1011.939886937384,70349049
2017-09-08,69574,953.6069508724523,66346250
2017-09-09,60155,1138.0623555814147,68460141
2017-09-10,60711,1127.5980135395562,68457603
2017-09-11,71917,980.7343604432888,70531473
2017-09-12,74580,927.6467685706624,69183896
2017-09-13,69566,963.3790213610097,67018425
2017-09-14,72071,876.9034424387063,63199308
2017-09-15,72297,1034.82122356391,74814470
2017-09-16,61036,1101.281276623632,67217804
2017-09-17,59967,1120.8595060616672,67214582
2017-09-18,64130,879.4962887883986,56402097
2017-09-19,57910,838.2018994992229,48540272
2017-09-20,71150,919.5265495432185,65424314
2017-09-21,67742,905.6914469605267,61353350
2017-09-22,70127,1034.4273247108817,72541285
2017-09-23,62687,1312.7366599135387,82291523
2017-09-24,57458,1112.2098228271086,63905352
2017-09-25,69200,881.5451589595376,61002925
2017-09-26,71518,846.9782432394642,60574190
2017-09-27,69897,861.2781521381461,60200759
2017-09-28,70883,858.392731684607,60845452
2017-09-29,67177,889.9361686291439,59783242
2017-09-30,50153,930.6287161286464,46673822
2015-09-21,267,1467.310861423221,391772
2015-09-22,565,1217.8867256637168,688106
2015-09-23,679,1089.522827687776,739786
2015-09-24,664,1377.9969879518073,914990
2015-09-25,673,821.0416047548291,552561
2015-09-26,1005,21974.877611940297,22084752
2015-09-27,851,1961.9330199764981,1669605
2015-09-28,714,911.4761904761905,650794
2015-09-29,690,854.7782608695652,589797
2015-09-30,560,855.4642857142857,479060
2015-10-01,528,749.3087121212121,395635
2015-10-02,184,874.1521739130435,160844
2015-10-03,268,702.8097014925373,188353
2015-10-04,643,1177.5645412130639,757174
2015-10-05,707,1245.4809052333806,880555
2015-10-06,820,1033.3463414634145,847344
2015-10-07,774,884.4237726098191,684544
2015-10-08,766,1372.5456919060052,1051370
2015-10-09,542,594.830258302583,322398
2015-10-10,789,1710.2864385297846,1349416
2015-10-11,681,1529.8751835535977,1041845
2015-10-12,748,2998.048128342246,2242540
2015-10-13,743,3692.8950201884254,2743821
2015-10-14,739,665.3328822733423,491681
2015-10-15,766,795.7206266318537,609522
2015-10-16,696,2159.010057471264,1502671
2015-10-17,508,1378.541338582677,700299
2015-10-18,376,888.2952127659574,333999
2015-10-19,580,617.5448275862069,358176
2015-10-20,682,750.2697947214076,511684
2015-10-21,770,905.0025974025974,696852
2015-10-22,708,779.6002824858757,551957
2015-10-23,668,711.8083832335329,475488
2015-10-24,501,1010.624750499002,506323
2015-10-25,503,1054.600397614314,530464
2015-10-26,686,562.4518950437317,385842
2015-10-27,646,642.3513931888544,414959
2015-10-28,358,653.2039106145252,233847
2015-10-29,692,771.5823699421966,533935
2015-10-30,678,637.5634218289085,432268
2015-10-31,514,1497.8132295719845,769876
2015-11-01,490,1614.4551020408164,791083
2015-11-02,694,890.4798270893372,617993
2015-11-03,704,718.0838068181819,505531
2015-11-04,699,616.7424892703863,431103
2015-11-05,668,750.6077844311377,501406
2015-11-06,713,621.6339410939692,443225
2015-11-07,538,1370.1468401486989,737139
2015-11-08,522,1019.6321839080459,532248
2015-11-09,579,664.0880829015545,384507
2015-11-10,363,526.2121212121212,191015
2015-11-11,544,538.4724264705883,292929
2015-11-12,562,625.846975088968,351726
2015-11-13,557,524.5188509874326,292157
2015-11-14,368,940.5217391304348,346112
2015-11-15,401,1316.5261845386533,527927
2015-11-16,718,646.4220055710307,464131
2015-11-17,594,697.5,414315
2015-11-18,611,603.5842880523732,368790
2015-11-19,374,449.22192513368987,168009
2015-11-20,625,518.3344,323959
2015-11-21,407,922.7248157248157,375549
2015-11-22,348,594.6436781609195,206936
2015-11-23,483,506.0621118012422,244428
2015-11-24,483,541.8592132505177,261718
2015-11-25,467,551.4689507494646,257536
2015-11-26,222,1088.6531531531532,241681
2015-11-27,390,15512.958974358975,6050054
2015-11-28,256,669.43359375,171375
2015-11-29,243,932.9300411522634,226702
2015-11-30,490,505.5612244897959,247725
2015-12-01,293,449.2798634812287,131639
2015-12-02,336,1192.2380952380952,400592
2015-12-03,482,481.3526970954357,232012
2015-12-04,528,753.2234848484849,397702
2015-12-05,382,765.3246073298429,292354
2015-12-06,328,824.2713414634146,270361
2015-12-07,501,574.8642714570858,288007
2015-12-08,491,560.5702647657841,275240
2015-12-09,491,577.2973523421589,283453
2015-12-10,525,506.1142857142857,265710
2015-12-11,496,691.4717741935484,342970
2015-12-12,431,16000.568445475637,6896245
2015-12-13,426,1301.4084507042253,554400
2015-12-14,484,507.32851239669424,245547
2015-12-15,550,577.0036363636364,317352
2015-12-16,529,730.0415879017013,386192
2015-12-17,359,464.6016713091922,166792
2015-12-18,473,460.5285412262156,217830
2015-12-19,260,681.7653846153846,177259
2015-12-20,239,1281.0920502092051,306181
2015-12-21,470,544.7510638297872,256033
2015-12-22,383,494.7154046997389,189476
2015-12-23,252,493.8333333333333,124446
2015-12-24,278,1047.0611510791366,291083
2015-12-25,205,1154.0585365853658,236582
2015-12-26,203,1515.472906403941,307641
2015-12-27,225,1270.08,285768
2015-12-28,286,1013.2902097902098,289801
2015-12-29,213,478.76056338028167,101976
2015-12-30,375,604.12,226545
2015-12-31,344,963.5087209302326,331447
2016-04-01,523,587.1950286806883,307103
2016-04-02,317,1263.5552050473186,400547
2016-04-03,204,645.3725490196078,131656
2016-04-04,255,453.2901960784314,115589
2016-04-05,422,450.93364928909955,190294
2016-04-06,463,609.7840172786177,282330
2016-04-07,477,630.8155136268343,300899
2016-04-08,456,424.6030701754386,193619
2016-04-09,201,518.5671641791045,104232
2016-04-10,270,879.6111111111111,237495
2016-04-11,515,514.968932038835,265209
2016-04-12,431,610.4849187935034,263119
2016-04-13,595,477.89579831932775,284348
2016-04-14,593,527.1045531197302,312573
2016-04-15,594,571.7441077441077,339616
2016-04-16,542,1392.6789667896678,754832
2016-04-17,692,1603.3684971098266,1109531
2016-04-18,706,846.07223796034,597327
2016-04-19,704,689.5582386363636,485449
2016-04-20,684,592.2616959064327,405107
2016-04-21,737,750.1411126187246,552854
2016-04-22,832,712.4603365384615,592767
2016-04-23,556,1057.4910071942445,587965
2016-04-24,626,1360.5479233226838,851703
2016-04-25,741,1027.974358974359,761729
2016-04-26,664,666.9834337349398,442877
2016-04-27,737,723.9158751696065,533526
2016-04-28,632,3649.3148734177216,2306367
2016-04-29,558,536.5931899641577,299419
2016-04-30,615,1418.7154471544716,872510
2016-05-01,186,527.0537634408602,98032
2016-05-02,601,655.8685524126456,394177
2016-05-03,431,1043.7308584686775,449848
2016-05-04,574,471.0522648083624,270384
2016-05-05,624,523.7708333333334,326833
2016-05-06,338,1029.9644970414201,348128
2016-05-07,450,1188.0088888888888,534604
2016-05-08,420,1418.0333333333333,595574
2016-05-09,777,662.02574002574,514394
2016-05-10,689,780.5195936139332,537778
2016-05-11,748,635.1082887700535,475061
2016-05-12,823,615.2235722964763,506329
2016-05-13,551,674.8693284936479,371853
2016-05-14,688,1116.0843023255813,767866
2016-05-15,440,1117.6568181818182,491769
2016-05-16,703,634.1834992887624,445831
2016-05-17,716,566.768156424581,405806
2016-05-18,699,547.7625178826895,382886
2016-05-19,796,758.1231155778894,603466
2016-05-20,734,960.9427792915532,705332
2016-05-21,402,996.0298507462686,400404
2016-05-22,626,1246.094249201278,780055
2016-05-23,805,560.9267080745342,451546
2016-05-24,683,573.6090775988287,391775
2016-05-25,894,839.0268456375838,750090
2016-05-26,817,678.3818849449204,554238
2016-05-27,746,643.1300268096514,479775
2016-05-28,528,1090.8219696969697,575954
2016-05-29,631,1445.9572107765453,912399
2016-05-30,550,1603.8181818181818,882100
2016-05-31,818,657.0256723716382,537447
2016-06-01,842,664.1543942992874,559218
2016-06-02,836,761.6255980861245,636719
2016-06-03,621,697.8212560386473,433347
2016-06-04,590,1129.4406779661017,666370
2016-06-05,417,2127.7194244604316,887259
2016-06-06,807,765.7261462205701,617941
2016-06-07,865,1462.0947976878613,1264712
2016-06-08,693,607.5180375180375,421010
2016-06-09,801,590.8951310861423,473307
2016-06-10,852,899.0892018779343,766024
2016-06-11,617,1012.2965964343598,624587
2016-06-12,688,1257.1758720930231,864937
2016-06-13,828,624.9492753623189,517458
2016-06-14,867,620.6482122260669,538102
2016-06-15,885,659.1435028248587,583342
2016-06-16,785,670.1987261146497,526106
2016-06-17,912,841.7072368421053,767637
2016-06-18,749,1162,870338
2016-06-19,834,1352.8872901678658,1128308
2016-06-20,893,701.585666293393,626516
2016-06-21,875,781.2342857142858,683580
2016-06-22,949,619.4415173867229,587850
2016-06-23,921,681.7513572204126,627893
2016-06-24,927,705.3344120819849,653845
2016-06-25,751,961.8282290279627,722333
2016-06-26,679,1228.8129602356407,834364
2016-06-27,831,708.0361010830325,588378
2016-06-28,843,573.1103202846975,483132
2016-06-29,923,703.590465872156,649414
2016-06-30,866,977.2667436489608,846313
2016-07-01,709,600.5980253878703,425824
2016-07-02,567,982.5608465608466,557112
2016-07-03,628,1284.593949044586,806725
2016-07-04,742,1698.7681940700809,1260486
2016-07-05,820,924.4768292682927,758071
2016-07-06,897,615.974358974359,552529
2016-07-07,875,665.888,582652
2016-07-08,783,576.5249042145593,451419
2016-07-09,607,1324.8088962108732,804159
2016-07-10,711,1200.5232067510549,853572
2016-07-11,821,647.9451887941535,531963
2016-07-12,960,694.090625,666327
2016-07-13,934,689.8982869379015,644365
2016-07-14,883,670.3374858437146,591908
2016-07-15,845,927.9692307692308,784134
2016-07-16,589,899.8421052631579,530007
2016-07-17,706,1082.0807365439093,763949
2016-07-18,768,723.6627604166666,555773
2016-07-19,864,659.6817129629629,569965
2016-07-20,930,658.5752688172043,612475
2016-07-21,960,607.3854166666666,583090
2016-07-22,891,864.2154882154882,770016
2016-07-23,678,780.5929203539823,529242
2016-07-24,726,1182.2865013774106,858340
2016-07-25,677,564.1905465288036,381957
2016-07-26,1009,869.2527254707632,877076
2016-07-27,979,585.8692543411645,573566
2016-07-28,890,534.056179775281,475310
2016-07-29,769,676.8842652795839,520524
2016-07-30,575,928.3321739130434,533791
2016-07-31,643,945.8849144634526,608204
2016-08-01,1022,661.6428571428571,676199
2016-08-02,1135,843.1806167400881,957010
2016-08-03,1185,663.9983122362869,786838
2016-08-04,1241,762.2562449637389,945960
2016-08-05,1192,764.9916107382551,911870
2016-08-06,871,995.9678530424799,867488
2016-08-07,948,1341.4978902953587,1271740
2016-08-08,1152,596.1414930555555,686755
2016-08-09,1228,662.8216612377851,813945
2016-08-10,1135,650.1603524229075,737932
2016-08-11,1089,628.0541781450872,683951
2016-08-12,1073,795.7875116495807,853880
2016-08-13,710,1004.9183098591549,713492
2016-08-14,755,825.4953642384106,623249
2016-08-15,1239,606.1985472154963,751080
2016-08-16,1068,519.9307116104869,555286
2016-08-17,1277,792.3422083007048,1011821
2016-08-18,1228,701.064332247557,860907
2016-08-19,1117,856.8451208594449,957096
2016-08-20,887,985.0259301014656,873718
2016-08-21,617,1199.8914100486224,740333
2016-08-22,1171,726.7933390264731,851075
2016-08-23,1125,530.128,596394
2016-08-24,1226,593.5970636215335,727750
2016-08-25,1215,617.4518518518519,750204
2016-08-26,1284,1590.3948598130842,2042067
2016-08-27,1144,1219.3627622377621,1394951
2016-08-28,1208,1075.0248344370862,1298630
2016-08-29,1147,677.0052310374891,776525
2016-08-30,1267,636.1049723756906,805945
2016-08-31,1193,551.2238055322716,657610
2016-09-01,915,505.024043715847,462097
2016-09-02,1195,728.8602510460252,870988
2016-09-03,847,2870.0484061393154,2430931
2016-09-04,912,2080.0570175438597,1897012
2016-09-05,943,1160.6352067868504,1094479
2016-09-06,1220,740.2180327868853,903066
2016-09-07,1301,580.7770945426595,755591
2016-09-08,1284,535.3341121495328,687369
2016-09-09,1246,644.6404494382023,803222
2016-09-10,945,920.0507936507937,869448
2016-09-11,903,2806.4429678848282,2534218
2016-09-12,1248,818.8197115384615,1021887
2016-09-13,1371,525.3763676148797,720291
2016-09-14,1225,1025.7902040816327,1256593
2016-09-15,1327,531.4868123587038,705283
2016-09-16,1309,553.7929717341482,724915
2016-09-17,977,928.6591606960081,907300
2016-09-18,960,1037.9416666666666,996424
2016-09-19,702,513.7435897435897,360648
2016-09-20,1281,597.08118657298985,764861
2016-09-21,1245,589.0136546184739,733322
2016-09-22,1328,533.2138554216867,708108
2016-09-23,1321,575.7554882664648,760573
2016-09-24,977,1110.871033776868,1085321
2016-09-25,1049,992.3870352716873,1041014
2016-09-26,1259,707.4090548054011,890628
2016-09-27,1267,631.4790844514602,800084
2016-09-28,1242,775.1159420289855,962694
2016-09-29,1144,505.7395104895105,578566
2016-09-30,482,451.5560165975104,217650
2016-01-01,163,633.2269938650306,103216
2016-01-02,207,1583.87922705314,327863
2016-01-03,276,830.1123188405797,229111
2016-01-04,286,460.36013986013984,131663
2016-01-05,273,394.1904761904762,107614
2016-01-06,353,468.5354107648725,165393
2016-01-07,442,635.1402714932127,280732
2016-01-08,422,463.78909952606637,195719
2016-01-09,294,5947.3877551020405,1748532
2016-01-10,206,702.4320388349514,144701
2016-01-11,339,1252.353982300885,424548
2016-01-12,367,440.74114441416896,161752
2016-01-13,325,454.78153846153845,147804
2016-01-14,341,471.7624633431085,160871
2016-01-15,427,543.5035128805621,232076
2016-01-16,288,1464.107638888889,421663
2016-01-17,164,569.439024390244,93388
2016-01-18,160,1461.1125,233778
2016-01-19,269,658.8438661710037,177229
2016-01-20,367,433.60490463215257,159133
2016-01-21,350,410.7457142857143,143761
2016-01-22,293,657.6450511945393,192690
2016-01-27,93,561.0215053763441,52175
2016-01-28,203,950.3546798029556,192922
2016-01-29,224,448.7767857142857,100526
2016-01-30,149,509.87919463087246,75972
2016-01-31,198,744.4444444444445,147400
2016-10-01,740,1925.295945945946,1424719
2016-10-02,754,663,499902
2016-10-03,1141,613.0105170902717,699445
2016-10-04,1261,558.1387787470262,703813
2016-10-05,1277,560.2176977290525,715398
2016-10-06,1182,490.25380710659897,579480
2016-10-07,1199,691.6430358632193,829280
2016-10-08,631,1188.256735340729,749790
2016-10-09,387,1048.922480620155,405933
2016-10-10,1048,702.9150763358779,736655
2016-10-11,1132,496.22349823321554,561725
2016-10-12,1271,647.9677419354839,823567
2016-10-13,1178,471.62308998302206,555572
2016-10-14,1134,525.6031746031746,596034
2016-10-15,929,930.1517761033369,864111
2016-10-16,783,881.1123882503193,689911
2016-10-17,1250,637.0816,796352
2016-10-18,1229,632.4524003254678,777284
2016-10-19,1219,556.5356849876948,678417
2016-10-20,1213,580.0288540807915,703575
2016-10-21,801,534.0861423220974,427803
2016-10-22,436,514.6559633027523,224390
2016-10-23,654,718.7370030581039,470054
2016-10-24,1123,455.23152270703474,511225
2016-10-25,1012,958.4169960474309,969918
2016-10-26,968,454.0444214876033,439515
2016-10-27,502,511.22908366533864,256637
2016-10-28,879,440.90443686006824,387555
2016-10-29,651,705.926267281106,459558
2016-10-30,623,1118.53772070626,696849
2016-10-31,1004,684.6155378486055,687354
2016-11-01,1016,600.4547244094488,610062
2016-11-02,1090,494.05045871559633,538515
2016-11-03,987,535.9635258358662,528996
2016-11-04,1010,612.870297029703,618999
2016-11-05,774,896.8139534883721,694134
2016-11-06,716,804.8002793296089,576237
2016-11-07,898,437.5790645879733,392946
2016-11-08,988,524.6457489878543,518350
2016-11-09,729,444.78737997256513,324250
2016-11-10,922,442.28091106290674,407783
2016-11-11,808,464.5210396039604,375333
2016-11-12,573,644.2024432809773,369128
2016-11-13,620,868.6870967741935,538586
2016-11-14,953,446.3011542497377,425325
2016-11-15,420,585.1309523809524,245755
2016-11-16,986,461.6947261663286,455231
2016-11-17,999,502.42042042042044,501918
2016-11-18,921,477.20195439739416,439503
2016-11-19,764,895.2565445026178,683976
2016-11-20,335,428.2238805970149,143455
2016-11-21,677,1450.1595273264402,981758
2016-11-22,731,418.3734610123119,305831
2016-11-23,743,6956.936742934051,5169004
2016-11-24,247,2027.6761133603238,500836
2016-11-25,424,526.061320754717,223050
2016-11-26,444,662.8040540540541,294285
2016-11-27,443,839.9638826185102,372104
2016-11-28,717,498.32775453277543,357301
2016-11-29,364,655.554945054945,238622
2016-11-30,533,414.3076923076923,220826
2016-12-01,783,454.08429118773944,355548
2016-12-02,754,657.7493368700266,495943
2016-12-03,471,531.660297239915,250412
2016-12-04,434,1151.2465437788019,499641
2016-12-05,640,426.5109375,272967
2016-12-06,611,458.4631751227496,280121
2016-12-07,709,556.052186177715,394241
2016-12-08,694,513.5720461095101,356419
2016-12-09,666,781.6306306306307,520566
2016-12-10,367,420.4114441416894,154291
2016-12-11,299,964.9732441471572,288527
2016-12-12,540,417.3814814814815,225386
2016-12-13,732,512.025956284153,374803
2016-12-14,698,460.256446991404,321259
2016-12-15,523,478.53728489483746,250275
2016-12-16,524,476.6125954198473,249745
2016-12-17,116,561.2155172413793,65101
2016-12-18,257,510.1945525291829,131120
2016-12-19,479,563.8225469728601,270071
2016-12-20,551,379.68239564428313,209205
2016-12-21,562,402.6797153024911,226306
2016-12-22,610,1067.3688524590164,651095
2016-12-23,499,467.2865731462926,233176
2016-12-24,176,521.4147727272727,91769
2016-12-25,207,1026.1545893719806,212414
2016-12-26,223,585.6502242152467,130600
2016-12-27,580,663.4724137931034,384814
2016-12-28,478,394.1255230125523,188392
2016-12-29,269,411.728624535316,110755
2016-12-30,379,399.2031662269129,151298
2016-12-31,283,1244.9611307420494,352324
2016-02-01,355,531.2732394366197,188602
2016-02-02,411,436.17761557177613,179269
2016-02-03,267,575.3445692883895,153617
2016-02-04,378,447.5608465608466,169178
2016-02-05,177,607.6779661016949,107559
2016-02-06,224,600.2946428571429,134466
2016-02-07,233,691.96566523605145,161228
2016-02-08,303,454.86798679867985,137825
2016-02-09,297,454.0942760942761,134866
2016-02-10,305,450.9639344262295,137544
2016-02-11,268,429.9664179104478,115231
2016-02-12,249,25810.843373493975,6426900
2016-02-13,63,442.015873015873,27847
2016-02-14,60,622,37320
2016-02-15,91,568.0989010989011,51697
2016-02-16,222,859.1306306306307,190727
2016-02-17,353,1282.28611898017,452647
2016-02-18,340,583.6029411764706,198425
2016-02-19,330,524.0363636363636,172932
2016-02-20,342,1039.266081871345,355429
2016-02-21,304,885.8092105263158,269286
2016-02-22,437,783.9130434782609,342570
2016-02-23,295,438.9830508474576,129500
2016-02-24,170,396.8176470588235,67459
2016-02-25,372,554.1129032258065,206130
2016-02-26,345,475.7304347826087,164127
2016-02-27,237,664.4683544303797,157479
2016-02-28,417,1435.6282973621103,598657
2016-02-29,405,692.7703703703704,280572
2016-03-01,441,472.297052154195,208283
2016-03-02,359,557.8105849582173,200254
2016-03-03,360,1461.3694444444445,526093
2016-03-04,242,646.1239669421487,156362
2016-03-05,253,1201.4624505928855,303970
2016-03-06,245,1092.6571428571428,267701
2016-03-07,442,634.4027149321267,280406
2016-03-08,520,619.5557692307692,322169
2016-03-09,618,823.9385113268609,509194
2016-03-10,622,1021.5546623794212,635407
2016-03-11,532,549.0507518796992,292095
2016-03-12,441,1904.156462585034,839733
2016-03-13,405,1391.6098765432098,563602
2016-03-14,213,661.4084507042254,140880
2016-03-15,513,495.55750487329436,254221
2016-03-16,525,559.8780952380953,293936
2016-03-17,565,658.2424778761062,371907
2016-03-18,529,540.820415879017,286094
2016-03-19,361,919.3462603878116,331884
2016-03-20,273,654.6080586080586,178708
2016-03-21,416,486.24759615384613,202279
2016-03-22,498,33443.74698795181,16654986
2016-03-23,583,996.4922813036021,580955
2016-03-24,553,550.4285714285714,304387
2016-03-25,478,829.1485355648535,396333
2016-03-26,383,951.6840731070496,364495
2016-03-27,304,2029.2598684210527,616895
2016-03-28,306,836.2745098039215,255900
2016-03-29,438,870.5981735159818,381322
2016-03-30,518,489.984555984556,253812
2016-03-31,575,529.3582608695652,304381
2017-01-01,272,734.0992647058823,199675
2017-01-02,144,894.5763888888889,128819
2017-01-03,348,884.471264367816,307796
2017-01-04,634,412.1435331230284,261299
2017-01-05,552,433.0416666666667,239039
2017-01-06,435,466.82528735632184,203069
2017-01-07,72,433.1388888888889,31186
2017-01-08,105,458.0190476190476,48092
2017-01-09,318,437.89622641509436,139251
2017-01-10,405,2386.5407407407406,966549
2017-01-11,569,570.0615114235501,324365
2017-01-12,655,441.40152671755726,289118
2017-01-13,601,663.783693843594,398934
2017-01-14,235,600.8893617021276,141209
2017-01-15,284,1086.7605633802816,308640
2017-01-16,435,972.0344827586207,422835
2017-01-17,393,395.9618320610687,155613
2017-01-18,554,403.601083032491,223595
2017-01-19,602,457.48338870431894,275405
2017-01-20,523,474.6902485659656,248263
2017-01-21,406,509.6773399014778,206929
2017-01-22,356,489.62359550561797,174306
2017-01-23,270,374.94444444444446,101235
2017-01-24,260,398.56538461538463,103627
2017-01-25,640,568.95,364128
2017-01-26,576,380.1354166666667,218958
2017-01-27,577,404.19237435008665,233219
2017-01-28,325,450.9323076923077,146553
2017-01-29,343,459.50145772594755,157609
2017-01-30,553,428.36889692585896,236888
2017-01-31,484,438.14256198347107,212061
2017-02-01,569,414.2671353251318,235718
2017-02-02,580,380.4362068965517,220653
2017-02-03,564,383.0851063829787,216060
2017-02-04,378,457.1296296296296,172795
2017-02-05,325,504.7353846153846,164039
2017-02-06,615,549.460162601626,337918
2017-02-07,478,527.3033472803347,252051
2017-02-08,699,465.90128755364805,325665
2017-02-10,52,485.65384615384613,25254
2017-02-11,210,506.37142857142857,106338
2017-02-12,75,390.52,29289
2017-02-13,324,442.5679012345679,143392
2017-02-14,554,420.6480144404332,233039
2017-02-15,520,526.9846153846154,274032
2017-02-16,550,738.1054545454546,405958
2017-02-17,498,821.3955823293172,409055
2017-02-18,501,1517.2215568862275,760128
2017-02-19,653,1138.2633996937213,743286
2017-02-20,571,750.3607705779334,428456
2017-02-21,628,388.43152866242036,243935
2017-02-22,684,470.35087719298247,321720
2017-02-23,719,475.09179415855357,341591
2017-02-24,760,650.3078947368421,494234
2017-02-25,654,1136.6605504587155,743376
2017-02-26,416,607.4831730769231,252713
2017-02-27,689,501.1857764876633,345317
2017-02-28,760,430.1013157894737,326877
2017-03-01,758,474.0883905013193,359359
2017-03-02,654,412.20030581039754,269579
2017-03-03,604,1078.041390728477,651137
2017-03-04,262,503.46564885496184,131908
2017-03-05,295,444.3186440677966,131074
2017-03-06,621,699.2850241545893,434256
2017-03-07,556,458.158273381295,254736
2017-03-08,733,480.74215552523873,352384
2017-03-09,720,1693.7486111111111,1219499
2017-03-10,319,1306.6708463949844,416828
2017-03-11,261,614.1992337164751,160306
2017-03-12,246,406.1463414634146,99912
2017-03-13,470,469.0382978723404,220448
2017-03-17,1,384,384
2017-03-18,31,575.8709677419355,17852
2017-03-19,103,691.9514563106796,71271
2017-03-20,344,501.8953488372093,172652
2017-03-21,628,539.3789808917197,338730
2017-03-22,469,439.682302771855,206211
2017-03-23,543,457.8029465930018,248587
2017-03-24,584,1074.625,627581
2017-03-25,483,1055.9378881987577,510018
2017-03-26,308,465.211038961039,143285
2017-03-27,426,642.3544600938967,273643
2017-03-28,371,384.32614555256066,142585
2017-03-29,627,551.8213716108453,345992
2017-03-30,622,596.9131832797427,371280
2017-03-31,162,347.6296296296296,56316
2017-04-01,356,2322.7387640449438,826895
2017-04-02,617,993.871961102107,613219
2017-04-03,626,1641.8977635782749,1027828
2017-04-04,514,437.784046692607,225021
2017-04-05,719,511.6787204450626,367897
2017-04-06,335,530.8805970149253,177845
2017-04-07,608,436.60361842105266,265455
2017-04-08,542,718.8929889298893,389640
2017-04-09,755,1302.2251655629138,983180
2017-04-10,810,835.5901234567901,676828
2017-04-11,911,754.9846322722283,687791
2017-04-12,817,592.2925336597307,483903
2017-04-13,777,553.3191763191763,429929
2017-04-14,793,841.8865069356873,667616
2017-04-15,618,991.4805825242719,612735
2017-04-16,940,1518.2893617021277,1427192
2017-04-17,881,550.0147559591373,484563
2017-04-18,822,752.0194647201946,618160
2017-04-19,780,499.29102564102567,389447
2017-04-20,694,496.1311239193084,344315
2017-04-21,646,574.8916408668731,371380
2017-04-22,618,4473.194174757282,2764434
2017-04-23,662,1045.202416918429,691924
2017-04-24,798,501.90852130325817,400523
2017-04-25,390,640.6589743589743,249857
2017-04-26,666,462.2717717717718,307873
2017-04-27,822,481.4221411192214,395729
2017-04-28,1004,590.0647410358566,592425
2017-04-29,968,1469.190082644628,1422176
2017-04-30,697,881.9139167862267,614694
2017-05-01,1048,2222.5505725190837,2329233
2017-05-02,934,571.2259100642399,533525
2017-05-03,989,524.2598584428716,518493
2017-05-04,966,1809.522774327122,1747999
2017-05-05,502,711.9561752988047,357402
2017-05-06,764,882.7905759162304,674452
2017-05-07,510,1041.992156862745,531416
2017-05-08,888,646.7961711711712,574355
2017-05-09,1024,822.2177734375,841951
2017-05-10,961,563.9729448491155,541978
2017-05-11,1016,490.9192913385827,498774
2017-05-12,961,535.3995837669095,514519
2017-05-13,95,424.63157894736844,40340
2017-05-14,647,919.1591962905719,594696
2017-05-15,990,558.0484848484848,552468
2017-05-16,1166,570.2118353344769,664867
2017-05-17,1054,611.4686907020873,644488
2017-05-18,977,3879.515864892528,3790287
2017-05-19,1002,709.87624750499,711296
2017-05-20,794,1210.6662468513855,961269
2017-05-21,873,1610.8453608247423,1406268
2017-05-22,470,512.4872340425532,240869
2017-05-23,1113,593.9991015274035,661121
2017-05-24,1024,501.0263671875,513051
2017-05-25,412,1020.1941747572815,420320
2017-05-26,958,976.6440501043842,935625
2017-05-27,717,1652.6443514644352,1184946
2017-05-28,720,1357.986111111111,977750
2017-05-29,451,826.980044345898,372968
2017-05-30,923,540.8060671722643,499164
2017-05-31,1017,614.5624385447394,625010
2017-06-01,1239,668.6650524616626,828476
2017-06-02,1182,976.6615905245346,1154414
2017-06-03,897,2054.335562987737,1842739
2017-06-04,730,1704.5767123287671,1244341
2017-06-05,1001,1239.065934065934,1240305
2017-06-06,848,565.441037735849,479494
2017-06-07,1153,599.7727666955767,691538
2017-06-08,1156,568.8797577854672,657625
2017-06-09,1190,836.9050420168068,995917
2017-06-10,979,971.3687436159346,950970
2017-06-11,891,1241.993265993266,1106616
2017-06-12,1166,1056.6852487135507,1232095
2017-06-13,1135,484.2986784140969,549679
2017-06-14,1061,697.6738925541941,740232
2017-06-15,1207,641.3545981772991,774115
2017-06-16,1040,501.86442307692306,521939
2017-06-17,637,775.3469387755102,493896
2017-06-18,821,1019.9439707673569,837374
2017-06-19,807,634.548946716233,512081
2017-06-20,1219,513.1657095980312,625549
2017-06-21,1199,556.9507923269391,667784
2017-06-22,1288,606.3082298136646,780925
2017-06-23,1115,870.0896860986547,970150
2017-06-24,915,1321.4131147540984,1209093
2017-06-25,953,1293.788037775446,1232980
2017-06-26,1234,606.6029173419773,748548
2017-06-27,1267,666.0513022888714,843887
2017-06-28,1289,534.1373157486423,688503
2017-06-29,1292,1735.1447368421052,2241807
2017-06-30,1149,633.4899912967799,727880
2017-07-01,661,1463.3872919818457,967299
2017-07-02,764,1287.708115183246,983809
2017-07-03,925,880.0194594594594,814018
2017-07-04,995,1872.3969849246232,1863035
2017-07-05,1180,604.0161016949153,712739
2017-07-06,1261,524.3568596352102,661214
2017-07-07,892,712.7186098654709,635745
2017-07-08,981,1013.0152905198777,993768
2017-07-09,1015,1079.5743842364532,1095768
2017-07-10,1205,603.6688796680498,727421
2017-07-11,1259,582.4138204924543,733259
2017-07-12,1235,579.0161943319838,715085
2017-07-13,1152,723.4661458333334,833433
2017-07-14,723,475.01383125864453,343435
2017-07-15,947,1005.442449841605,952154
2017-07-16,1059,934.7743153918791,989926
2017-07-17,1257,604.5743834526651,759950
2017-07-18,1295,715.2370656370656,926232
2017-07-19,1260,581.565873015873,732773
2017-07-20,1234,648.4805510534846,800225
2017-07-21,1229,602.9161920260374,740984
2017-07-22,862,903.6519721577727,778948
2017-07-23,837,904.3058542413381,756904
2017-07-24,910,578.6516483516483,526573
2017-07-25,1284,615.2126168224299,789933
2017-07-26,1349,575.7346182357302,776666
2017-07-27,1297,506.11256746337705,656428
2017-07-28,1190,641.609243697479,763515
2017-07-29,950,867.0831578947368,823729
2017-07-30,1060,1055.8745283018868,1119227
2017-07-31,1305,619.3624521072796,808268
2017-08-01,1320,550.180303030303,726238
2017-08-02,1179,557.8880407124682,657750
2017-08-03,1304,501.41334355828224,653843
2017-08-04,1193,665.9580888516346,794488
2017-08-05,913,779.9386637458927,712084
2017-08-06,1034,1023.0773694390716,1057862
2017-08-07,542,2205.0018450184502,1195111
2017-08-08,1248,470.4583333333333,587132
2017-08-09,1310,622.4503816793894,815410
2017-08-10,1368,540.9963450292398,740083
2017-08-11,1283,556.585346843336,714099
2017-08-12,1032,1084.9806201550387,1119700
2017-08-13,1007,2228.9493545183714,2244552
2017-08-14,1226,556.7805872756933,682613
2017-08-15,1111,485.5040504050405,539395
2017-08-16,1397,1084.9448818897638,1515668
2017-08-17,1409,584.1036195883605,823002
2017-08-18,755,450.3165562913907,339989
2017-08-19,996,1734.371485943775,1727434
2017-08-20,1094,1095.508226691042,1198486
2017-08-21,1232,581.5633116883117,716486
2017-08-22,1226,657.5203915171289,806120
2017-08-23,1326,593.6930618401207,787237
2017-08-24,1302,568.983870967742,740817
2017-08-25,1274,678.3987441130298,864280
2017-08-26,916,980.1342794759826,897803
2017-08-27,980,2120.0071428571428,2077607
2017-08-28,1176,525.4897959183673,617976
2017-08-29,762,484.0853018372703,368873
2017-08-30,1292,475.46904024767804,614306
2017-08-31,1265,2018.581818181818,2553506
2017-09-01,1110,581.1810810810811,645111
2017-09-02,645,4116.37984496124,2655065
2017-09-03,563,905.5790408525755,509841
2017-09-04,902,1471.2727272727273,1327088
2017-09-05,1180,487.50254237288135,575253
2017-09-06,882,683.0600907029478,602459
2017-09-07,1278,905.670579029734,1157447
2017-09-08,1300,649.0861538461538,843812
2017-09-09,953,1322.5068205666316,1260349
2017-09-10,976,1113.6045081967213,1086878
2017-09-11,1308,529.5007645259939,692587
2017-09-12,1337,486.5474943904263,650514
2017-09-13,1228,505.7442996742671,621054
2017-09-14,1295,622.2540540540541,805819
2017-09-15,1342,534.3196721311475,717057
2017-09-16,1009,870.7195242814668,878556
2017-09-17,1000,860.333,860333
2017-09-18,1236,555.9773462783171,687188
2017-09-19,1105,572.7420814479638,632880
2017-09-20,1332,565.1216216216217,752742
2017-09-21,1346,551.2362555720654,741964
2017-09-22,1303,633.4443591711436,825378
2017-09-23,1077,829.1903435468895,893038
2017-09-24,962,836.4594594594595,804674
2017-09-25,1215,637.9325102880658,775088
2017-09-26,841,578.1700356718193,486241
2017-09-27,1110,631.2774774774775,700718
2017-09-28,1201,547.721898417985,657814
2017-09-29,1198,494.06510851419034,591890
2017-09-30,885,710.7344632768362,629000
